OrderID,ProductID,ProductName,Quantity,WarehouseLocation,ShippingCost,OrderDate,DeliveryDate
1001,1102,Keyboard,15,Chicago,52.27,1/1/2024 0:00,1/5/2024 0:00
1002,1435,Keyboard,49,San Francisco,50.54,1/1/2024 1:00,1/5/2024 1:00
1003,1860,Printer,24,Chicago,52.57,1/1/2024 2:00,1/5/2024 2:00
1004,1270,Laptop,4,Los Angeles,66.03,1/1/2024 3:00,1/5/2024 3:00
1005,1106,Mouse,12,Los Angeles,52.28,1/1/2024 4:00,1/5/2024 4:00
1006,1071,Laptop,37,New York,50.27,1/1/2024 5:00,1/5/2024 5:00
1007,1700,Mobile,37,Los Angeles,52.69,1/1/2024 6:00,1/5/2024 6:00
1008,1020,Printer,43,Miami,63.18,1/1/2024 7:00,1/5/2024 7:00
1009,1614,Laptop,6,Chicago,58.33,1/1/2024 8:00,1/5/2024 8:00
1010,1121,Tablet,39,Los Angeles,86.87,1/1/2024 9:00,1/5/2024 9:00
1011,1466,Keyboard,46,San Francisco,14.45,1/1/2024 10:00,1/5/2024 10:00
1012,1214,Mobile,24,Seattle,85,1/1/2024 11:00,1/5/2024 11:00
1013,1330,Printer,11,Seattle,85.95,1/1/2024 12:00,1/5/2024 12:00
1014,1458,Laptop,13,New York,35.64,1/1/2024 13:00,1/5/2024 13:00
1015,1087,Mouse,34,Seattle,51.66,1/1/2024 14:00,1/5/2024 14:00
1016,1372,Tablet,25,Chicago,49.47,1/1/2024 15:00,1/5/2024 15:00
1017,1099,Tablet,7,New York,29.67,1/1/2024 16:00,1/5/2024 16:00
1018,1871,Laptop,4,Chicago,45.71,1/1/2024 17:00,1/5/2024 17:00
1019,1663,Keyboard,8,San Francisco,13.99,1/1/2024 18:00,1/5/2024 18:00
1020,1130,Laptop,20,New York,35,1/1/2024 19:00,1/5/2024 19:00
1021,1661,Mobile,29,Houston,83.5,1/1/2024 20:00,1/5/2024 20:00
1022,1308,Laptop,45,Miami,35.61,1/1/2024 21:00,1/5/2024 21:00
1023,1769,Tablet,46,Miami,83.64,1/1/2024 22:00,1/5/2024 22:00
1024,1343,Printer,10,Chicago,57.84,1/1/2024 23:00,1/5/2024 23:00
1025,1491,Laptop,43,Seattle,89.19,1/2/2024 0:00,1/6/2024 0:00
1026,1413,Keyboard,34,Houston,61.73,1/2/2024 1:00,1/6/2024 1:00
1027,1805,Printer,26,New York,12.67,1/2/2024 2:00,1/6/2024 2:00
1028,1385,Mouse,41,Houston,70.79,1/2/2024 3:00,1/6/2024 3:00
1029,1191,Monitor,49,Houston,14.04,1/2/2024 4:00,1/6/2024 4:00
1030,1955,Laptop,3,Seattle,50.55,1/2/2024 5:00,1/6/2024 5:00
1031,1276,Keyboard,6,New York,93.65,1/2/2024 6:00,1/6/2024 6:00
1032,1160,Printer,5,San Francisco,24.87,1/2/2024 7:00,1/6/2024 7:00
1033,1459,Keyboard,5,Seattle,45.09,1/2/2024 8:00,1/6/2024 8:00
1034,1313,Mouse,47,Houston,75.69,1/2/2024 9:00,1/6/2024 9:00
1035,1021,Tablet,23,Houston,89.4,1/2/2024 10:00,1/6/2024 10:00
1036,1252,Keyboard,49,San Francisco,70.38,1/2/2024 11:00,1/6/2024 11:00
1037,1747,Printer,9,Houston,33.24,1/2/2024 12:00,1/6/2024 12:00
1038,1856,Keyboard,35,Houston,70.71,1/2/2024 13:00,1/6/2024 13:00
1039,1560,Keyboard,20,Houston,36.71,1/2/2024 14:00,1/6/2024 14:00
1040,1474,Keyboard,49,Miami,74.66,1/2/2024 15:00,1/6/2024 15:00
1041,1058,Mobile,42,Seattle,95.86,1/2/2024 16:00,1/6/2024 16:00
1042,1510,Mobile,35,Los Angeles,74.93,1/2/2024 17:00,1/6/2024 17:00
1043,1681,Tablet,18,Seattle,87.66,1/2/2024 18:00,1/6/2024 18:00
1044,1475,Laptop,17,San Francisco,10.19,1/2/2024 19:00,1/6/2024 19:00
1045,1699,Keyboard,24,Houston,74.58,1/2/2024 20:00,1/6/2024 20:00
1046,1975,Mouse,3,Seattle,84.66,1/2/2024 21:00,1/6/2024 21:00
1047,1782,Laptop,32,Miami,13.65,1/2/2024 22:00,1/6/2024 22:00
1048,1189,Mouse,35,San Francisco,88.44,1/2/2024 23:00,1/6/2024 23:00
1049,1957,Laptop,38,Chicago,33.1,1/3/2024 0:00,1/7/2024 0:00
1050,1686,Tablet,13,Seattle,69.88,1/3/2024 1:00,1/7/2024 1:00
1051,1957,Keyboard,47,Chicago,82.03,1/3/2024 2:00,1/7/2024 2:00
1052,1562,Keyboard,25,Houston,69.64,1/3/2024 3:00,1/7/2024 3:00
1053,1875,Monitor,9,Miami,18.31,1/3/2024 4:00,1/7/2024 4:00
1054,1566,Mouse,4,Miami,63.67,1/3/2024 5:00,1/7/2024 5:00
1055,1243,Laptop,14,Seattle,59.46,1/3/2024 6:00,1/7/2024 6:00
1056,1831,Laptop,37,San Francisco,91.03,1/3/2024 7:00,1/7/2024 7:00
1057,1504,Mobile,34,San Francisco,46.38,1/3/2024 8:00,1/7/2024 8:00
1058,1130,Monitor,11,Miami,38.9,1/3/2024 9:00,1/7/2024 9:00
1059,1484,Printer,41,San Francisco,77.49,1/3/2024 10:00,1/7/2024 10:00
1060,1818,Printer,3,Miami,47.14,1/3/2024 11:00,1/7/2024 11:00
1061,1646,Mobile,28,Seattle,68.15,1/3/2024 12:00,1/7/2024 12:00
1062,1020,Mobile,29,Los Angeles,68.18,1/3/2024 13:00,1/7/2024 13:00
1063,1840,Mobile,9,Miami,89.92,1/3/2024 14:00,1/7/2024 14:00
1064,1166,Mouse,3,Chicago,63.88,1/3/2024 15:00,1/7/2024 15:00
1065,1273,Mouse,25,San Francisco,55.19,1/3/2024 16:00,1/7/2024 16:00
1066,1387,Tablet,34,Miami,22.5,1/3/2024 17:00,1/7/2024 17:00
1067,1600,Tablet,12,Miami,20.42,1/3/2024 18:00,1/7/2024 18:00
1068,1315,Mobile,42,Seattle,23.89,1/3/2024 19:00,1/7/2024 19:00
1069,1013,Monitor,9,San Francisco,25.47,1/3/2024 20:00,1/7/2024 20:00
1070,1241,Laptop,15,Los Angeles,67.41,1/3/2024 21:00,1/7/2024 21:00
1071,1776,Mouse,40,Seattle,76.69,1/3/2024 22:00,1/7/2024 22:00
1072,1345,Monitor,25,Los Angeles,57.7,1/3/2024 23:00,1/7/2024 23:00
1073,1564,Keyboard,5,Seattle,84.61,1/4/2024 0:00,1/8/2024 0:00
1074,1897,Mouse,11,San Francisco,99.21,1/4/2024 1:00,1/8/2024 1:00
1075,1339,Mouse,34,New York,83.8,1/4/2024 2:00,1/8/2024 2:00
1076,1091,Tablet,24,San Francisco,72.54,1/4/2024 3:00,1/8/2024 3:00
1077,1366,Laptop,15,San Francisco,57.92,1/4/2024 4:00,1/8/2024 4:00
1078,1955,Laptop,38,Los Angeles,50.4,1/4/2024 5:00,1/8/2024 5:00
1079,1454,Printer,8,Los Angeles,17.6,1/4/2024 6:00,1/8/2024 6:00
1080,1427,Printer,5,San Francisco,45.94,1/4/2024 7:00,1/8/2024 7:00
1081,1508,Printer,48,San Francisco,91.91,1/4/2024 8:00,1/8/2024 8:00
1082,1775,Printer,26,San Francisco,82.72,1/4/2024 9:00,1/8/2024 9:00
1083,1942,Keyboard,18,Los Angeles,29.44,1/4/2024 10:00,1/8/2024 10:00
1084,1034,Keyboard,6,San Francisco,51.99,1/4/2024 11:00,1/8/2024 11:00
1085,1205,Mouse,37,San Francisco,83.51,1/4/2024 12:00,1/8/2024 12:00
1086,1080,Mobile,48,Houston,16.06,1/4/2024 13:00,1/8/2024 13:00
1087,1931,Tablet,13,New York,44.87,1/4/2024 14:00,1/8/2024 14:00
1088,1561,Tablet,28,Chicago,86.67,1/4/2024 15:00,1/8/2024 15:00
1089,1871,Printer,5,New York,46.35,1/4/2024 16:00,1/8/2024 16:00
1090,1387,Mouse,13,Houston,16.99,1/4/2024 17:00,1/8/2024 17:00
1091,1001,Monitor,17,Chicago,58.83,1/4/2024 18:00,1/8/2024 18:00
1092,1389,Mobile,40,Seattle,87.56,1/4/2024 19:00,1/8/2024 19:00
1093,1565,Mouse,45,San Francisco,63.13,1/4/2024 20:00,1/8/2024 20:00
1094,1105,Mobile,32,Houston,30.37,1/4/2024 21:00,1/8/2024 21:00
1095,1771,Mobile,29,Seattle,44.58,1/4/2024 22:00,1/8/2024 22:00
1096,1821,Mobile,3,San Francisco,50.51,1/4/2024 23:00,1/8/2024 23:00
1097,1476,Mouse,40,Los Angeles,62.13,1/5/2024 0:00,1/9/2024 0:00
1098,1702,Printer,34,Miami,78.34,1/5/2024 1:00,1/9/2024 1:00
1099,1401,Tablet,40,Houston,18.9,1/5/2024 2:00,1/9/2024 2:00
1100,1729,Tablet,27,Los Angeles,90.07,1/5/2024 3:00,1/9/2024 3:00
1101,1555,Printer,13,Houston,11.11,1/5/2024 4:00,1/9/2024 4:00
1102,1161,Mobile,45,Houston,43.3,1/5/2024 5:00,1/9/2024 5:00
1103,1201,Monitor,33,Los Angeles,12.47,1/5/2024 6:00,1/9/2024 6:00
1104,1957,Laptop,6,Chicago,45.37,1/5/2024 7:00,1/9/2024 7:00
1105,1995,Mouse,24,New York,57.32,1/5/2024 8:00,1/9/2024 8:00
1106,1269,Laptop,19,San Francisco,56.05,1/5/2024 9:00,1/9/2024 9:00
1107,1862,Printer,16,Houston,24.91,1/5/2024 10:00,1/9/2024 10:00
1108,1815,Monitor,40,San Francisco,68.12,1/5/2024 11:00,1/9/2024 11:00
1109,1270,Mouse,28,Miami,14.03,1/5/2024 12:00,1/9/2024 12:00
1110,1455,Printer,33,Los Angeles,78.57,1/5/2024 13:00,1/9/2024 13:00
1111,1461,Mobile,48,San Francisco,95.2,1/5/2024 14:00,1/9/2024 14:00
1112,1726,Tablet,41,Los Angeles,40.58,1/5/2024 15:00,1/9/2024 15:00
1113,1251,Laptop,13,San Francisco,56.55,1/5/2024 16:00,1/9/2024 16:00
1114,1701,Keyboard,43,New York,44.1,1/5/2024 17:00,1/9/2024 17:00
1115,1295,Keyboard,45,New York,10.6,1/5/2024 18:00,1/9/2024 18:00
1116,1724,Monitor,25,New York,44.73,1/5/2024 19:00,1/9/2024 19:00
1117,1719,Mobile,42,New York,81.25,1/5/2024 20:00,1/9/2024 20:00
1118,1748,Laptop,36,New York,63.64,1/5/2024 21:00,1/9/2024 21:00
1119,1337,Mobile,27,New York,19.11,1/5/2024 22:00,1/9/2024 22:00
1120,1878,Laptop,38,Los Angeles,86.24,1/5/2024 23:00,1/9/2024 23:00
1121,1052,Monitor,7,Houston,57.8,1/6/2024 0:00,1/10/2024 0:00
1122,1791,Monitor,5,San Francisco,85.76,1/6/2024 1:00,1/10/2024 1:00
1123,1921,Keyboard,43,New York,62.22,1/6/2024 2:00,1/10/2024 2:00
1124,1216,Mobile,45,Los Angeles,60.37,1/6/2024 3:00,1/10/2024 3:00
1125,1763,Mouse,31,Los Angeles,19.47,1/6/2024 4:00,1/10/2024 4:00
1126,1187,Keyboard,23,Los Angeles,25.06,1/6/2024 5:00,1/10/2024 5:00
1127,1379,Mobile,42,Houston,97.48,1/6/2024 6:00,1/10/2024 6:00
1128,1492,Keyboard,10,San Francisco,30.56,1/6/2024 7:00,1/10/2024 7:00
1129,1040,Mouse,32,Houston,97.97,1/6/2024 8:00,1/10/2024 8:00
1130,1156,Tablet,43,Chicago,57.87,1/6/2024 9:00,1/10/2024 9:00
1131,1014,Tablet,30,Seattle,22.22,1/6/2024 10:00,1/10/2024 10:00
1132,1812,Tablet,39,Los Angeles,18.94,1/6/2024 11:00,1/10/2024 11:00
1133,1064,Tablet,31,Chicago,28.8,1/6/2024 12:00,1/10/2024 12:00
1134,1856,Printer,18,Miami,93.31,1/6/2024 13:00,1/10/2024 13:00
1135,1838,Laptop,36,New York,47.27,1/6/2024 14:00,1/10/2024 14:00
1136,1520,Printer,2,Seattle,45.59,1/6/2024 15:00,1/10/2024 15:00
1137,1343,Printer,14,New York,38.19,1/6/2024 16:00,1/10/2024 16:00
1138,1128,Printer,13,Houston,23.24,1/6/2024 17:00,1/10/2024 17:00
1139,1647,Tablet,29,Seattle,53.91,1/6/2024 18:00,1/10/2024 18:00
1140,1471,Mouse,12,San Francisco,21.7,1/6/2024 19:00,1/10/2024 19:00
1141,1062,Monitor,39,Chicago,85.19,1/6/2024 20:00,1/10/2024 20:00
1142,1138,Monitor,2,San Francisco,43.34,1/6/2024 21:00,1/10/2024 21:00
1143,1498,Laptop,32,Houston,43.73,1/6/2024 22:00,1/10/2024 22:00
1144,1592,Tablet,13,New York,52.66,1/6/2024 23:00,1/10/2024 23:00
1145,1391,Tablet,46,Seattle,49.97,1/7/2024 0:00,1/11/2024 0:00
1146,1674,Tablet,27,San Francisco,99.54,1/7/2024 1:00,1/11/2024 1:00
1147,1418,Keyboard,49,San Francisco,59.08,1/7/2024 2:00,1/11/2024 2:00
1148,1288,Mobile,41,New York,17.94,1/7/2024 3:00,1/11/2024 3:00
1149,1378,Keyboard,17,Seattle,64.62,1/7/2024 4:00,1/11/2024 4:00
1150,1772,Mobile,40,Chicago,23.64,1/7/2024 5:00,1/11/2024 5:00
1151,1489,Tablet,31,New York,12.78,1/7/2024 6:00,1/11/2024 6:00
1152,1230,Tablet,34,San Francisco,97.37,1/7/2024 7:00,1/11/2024 7:00
1153,1040,Keyboard,24,Chicago,79.62,1/7/2024 8:00,1/11/2024 8:00
1154,1027,Keyboard,45,Chicago,98.21,1/7/2024 9:00,1/11/2024 9:00
1155,1134,Mobile,35,New York,53.01,1/7/2024 10:00,1/11/2024 10:00
1156,1200,Monitor,48,San Francisco,57.9,1/7/2024 11:00,1/11/2024 11:00
1157,1839,Mobile,6,Houston,25.15,1/7/2024 12:00,1/11/2024 12:00
1158,1779,Keyboard,19,San Francisco,32.22,1/7/2024 13:00,1/11/2024 13:00
1159,1929,Mouse,30,Los Angeles,85.47,1/7/2024 14:00,1/11/2024 14:00
1160,1032,Keyboard,7,Seattle,42.06,1/7/2024 15:00,1/11/2024 15:00
1161,1047,Mouse,10,Miami,84.41,1/7/2024 16:00,1/11/2024 16:00
1162,1502,Laptop,41,Houston,73.81,1/7/2024 17:00,1/11/2024 17:00
1163,1406,Keyboard,32,Chicago,25.95,1/7/2024 18:00,1/11/2024 18:00
1164,1573,Laptop,34,Houston,55.67,1/7/2024 19:00,1/11/2024 19:00
1165,1727,Monitor,28,Seattle,70.96,1/7/2024 20:00,1/11/2024 20:00
1166,1804,Mobile,15,Chicago,31.15,1/7/2024 21:00,1/11/2024 21:00
1167,1098,Mouse,30,Seattle,84.76,1/7/2024 22:00,1/11/2024 22:00
1168,1683,Mobile,37,Chicago,59.03,1/7/2024 23:00,1/11/2024 23:00
1169,1871,Laptop,29,Houston,24.87,1/8/2024 0:00,1/12/2024 0:00
1170,1725,Mouse,22,Chicago,62.47,1/8/2024 1:00,1/12/2024 1:00
1171,1986,Mobile,4,Chicago,99.97,1/8/2024 2:00,1/12/2024 2:00
1172,1546,Keyboard,20,Los Angeles,23.55,1/8/2024 3:00,1/12/2024 3:00
1173,1960,Tablet,32,San Francisco,83.51,1/8/2024 4:00,1/12/2024 4:00
1174,1738,Laptop,36,San Francisco,28.66,1/8/2024 5:00,1/12/2024 5:00
1175,1612,Mobile,4,Miami,80.41,1/8/2024 6:00,1/12/2024 6:00
1176,1942,Laptop,27,Miami,76.11,1/8/2024 7:00,1/12/2024 7:00
1177,1461,Printer,17,Los Angeles,37.04,1/8/2024 8:00,1/12/2024 8:00
1178,1642,Laptop,12,Miami,39.32,1/8/2024 9:00,1/12/2024 9:00
1179,1768,Mouse,22,Seattle,81.33,1/8/2024 10:00,1/12/2024 10:00
1180,1004,Printer,17,Houston,51.53,1/8/2024 11:00,1/12/2024 11:00
1181,1217,Mouse,10,New York,75.77,1/8/2024 12:00,1/12/2024 12:00
1182,1502,Tablet,1,Seattle,23.32,1/8/2024 13:00,1/12/2024 13:00
1183,1766,Printer,22,New York,86.73,1/8/2024 14:00,1/12/2024 14:00
1184,1397,Keyboard,26,New York,73.98,1/8/2024 15:00,1/12/2024 15:00
1185,1870,Laptop,18,Los Angeles,91.62,1/8/2024 16:00,1/12/2024 16:00
1186,1794,Mobile,14,Seattle,21.91,1/8/2024 17:00,1/12/2024 17:00
1187,1392,Monitor,47,Los Angeles,63.37,1/8/2024 18:00,1/12/2024 18:00
1188,1206,Laptop,29,Chicago,63.92,1/8/2024 19:00,1/12/2024 19:00
1189,1014,Laptop,12,New York,41.81,1/8/2024 20:00,1/12/2024 20:00
1190,1857,Tablet,36,Houston,51.26,1/8/2024 21:00,1/12/2024 21:00
1191,1553,Keyboard,35,Miami,13.42,1/8/2024 22:00,1/12/2024 22:00
1192,1891,Monitor,12,Houston,77.13,1/8/2024 23:00,1/12/2024 23:00
1193,1460,Printer,7,Miami,59.44,1/9/2024 0:00,1/13/2024 0:00
1194,1690,Printer,29,New York,15.2,1/9/2024 1:00,1/13/2024 1:00
1195,1574,Printer,11,New York,71.27,1/9/2024 2:00,1/13/2024 2:00
1196,1863,Mouse,33,New York,52.01,1/9/2024 3:00,1/13/2024 3:00
1197,1742,Mouse,6,Los Angeles,13.1,1/9/2024 4:00,1/13/2024 4:00
1198,1240,Mobile,47,Seattle,97.26,1/9/2024 5:00,1/13/2024 5:00
1199,1563,Monitor,15,Miami,95.42,1/9/2024 6:00,1/13/2024 6:00
1200,1095,Printer,32,Seattle,56.16,1/9/2024 7:00,1/13/2024 7:00
1201,1899,Mouse,11,Los Angeles,18.43,1/9/2024 8:00,1/13/2024 8:00
1202,1733,Mobile,23,Los Angeles,77.92,1/9/2024 9:00,1/13/2024 9:00
1203,1484,Keyboard,26,San Francisco,54.27,1/9/2024 10:00,1/13/2024 10:00
1204,1406,Mobile,34,Houston,37.22,1/9/2024 11:00,1/13/2024 11:00
1205,1230,Mouse,46,Houston,54.23,1/9/2024 12:00,1/13/2024 12:00
1206,1748,Tablet,34,Chicago,57.02,1/9/2024 13:00,1/13/2024 13:00
1207,1654,Tablet,29,Los Angeles,60.64,1/9/2024 14:00,1/13/2024 14:00
1208,1170,Printer,4,Miami,49.71,1/9/2024 15:00,1/13/2024 15:00
1209,1540,Tablet,17,San Francisco,64.52,1/9/2024 16:00,1/13/2024 16:00
1210,1035,Printer,35,San Francisco,92.69,1/9/2024 17:00,1/13/2024 17:00
1211,1524,Printer,13,Seattle,42.6,1/9/2024 18:00,1/13/2024 18:00
1212,1159,Mouse,41,Houston,75.31,1/9/2024 19:00,1/13/2024 19:00
1213,1838,Tablet,39,Los Angeles,90.5,1/9/2024 20:00,1/13/2024 20:00
1214,1698,Printer,15,Chicago,51.04,1/9/2024 21:00,1/13/2024 21:00
1215,1242,Monitor,29,Los Angeles,49.91,1/9/2024 22:00,1/13/2024 22:00
1216,1085,Keyboard,29,Seattle,64.19,1/9/2024 23:00,1/13/2024 23:00
1217,1795,Mobile,11,New York,63.23,1/10/2024 0:00,1/14/2024 0:00
1218,1577,Mobile,32,Los Angeles,82.59,1/10/2024 1:00,1/14/2024 1:00
1219,1681,Mouse,2,Seattle,52.88,1/10/2024 2:00,1/14/2024 2:00
1220,1556,Tablet,47,New York,99.65,1/10/2024 3:00,1/14/2024 3:00
1221,1573,Tablet,14,New York,15.35,1/10/2024 4:00,1/14/2024 4:00
1222,1952,Printer,20,Chicago,10.29,1/10/2024 5:00,1/14/2024 5:00
1223,1645,Laptop,22,Miami,67.62,1/10/2024 6:00,1/14/2024 6:00
1224,1795,Printer,11,Houston,36.86,1/10/2024 7:00,1/14/2024 7:00
1225,1027,Keyboard,27,Los Angeles,31.63,1/10/2024 8:00,1/14/2024 8:00
1226,1619,Monitor,3,New York,38.07,1/10/2024 9:00,1/14/2024 9:00
1227,1555,Mobile,17,Los Angeles,33.04,1/10/2024 10:00,1/14/2024 10:00
1228,1339,Printer,44,Miami,12.77,1/10/2024 11:00,1/14/2024 11:00
1229,1797,Laptop,28,Houston,97.44,1/10/2024 12:00,1/14/2024 12:00
1230,1957,Laptop,29,Miami,29.87,1/10/2024 13:00,1/14/2024 13:00
1231,1330,Printer,21,Houston,76.06,1/10/2024 14:00,1/14/2024 14:00
1232,1639,Mouse,47,San Francisco,78.63,1/10/2024 15:00,1/14/2024 15:00
1233,1505,Mobile,16,Houston,93.63,1/10/2024 16:00,1/14/2024 16:00
1234,1347,Mouse,37,Chicago,12.75,1/10/2024 17:00,1/14/2024 17:00
1235,1472,Monitor,20,Miami,88.48,1/10/2024 18:00,1/14/2024 18:00
1236,1230,Laptop,6,New York,57.45,1/10/2024 19:00,1/14/2024 19:00
1237,1189,Laptop,19,San Francisco,66.93,1/10/2024 20:00,1/14/2024 20:00
1238,1224,Keyboard,5,Chicago,68,1/10/2024 21:00,1/14/2024 21:00
1239,1384,Monitor,3,Los Angeles,83.78,1/10/2024 22:00,1/14/2024 22:00
1240,1376,Laptop,1,Miami,40.01,1/10/2024 23:00,1/14/2024 23:00
1241,1282,Monitor,38,Seattle,75.97,1/11/2024 0:00,1/15/2024 0:00
1242,1957,Mobile,15,Seattle,57.57,1/11/2024 1:00,1/15/2024 1:00
1243,1632,Tablet,34,New York,81.41,1/11/2024 2:00,1/15/2024 2:00
1244,1627,Laptop,35,Houston,99.15,1/11/2024 3:00,1/15/2024 3:00
1245,1972,Keyboard,49,New York,28.06,1/11/2024 4:00,1/15/2024 4:00
1246,1744,Mobile,25,Seattle,99.52,1/11/2024 5:00,1/15/2024 5:00
1247,1258,Printer,24,Los Angeles,18.08,1/11/2024 6:00,1/15/2024 6:00
1248,1358,Monitor,12,San Francisco,10.21,1/11/2024 7:00,1/15/2024 7:00
1249,1709,Printer,18,San Francisco,13.97,1/11/2024 8:00,1/15/2024 8:00
1250,1455,Mouse,15,Miami,40.76,1/11/2024 9:00,1/15/2024 9:00
1251,1410,Mobile,44,San Francisco,66.96,1/11/2024 10:00,1/15/2024 10:00
1252,1648,Printer,16,Miami,16.21,1/11/2024 11:00,1/15/2024 11:00
1253,1317,Laptop,27,Miami,10.51,1/11/2024 12:00,1/15/2024 12:00
1254,1676,Monitor,8,Miami,94.34,1/11/2024 13:00,1/15/2024 13:00
1255,1224,Tablet,46,Seattle,83.97,1/11/2024 14:00,1/15/2024 14:00
1256,1818,Mobile,25,Seattle,82.83,1/11/2024 15:00,1/15/2024 15:00
1257,1233,Laptop,17,Houston,89.6,1/11/2024 16:00,1/15/2024 16:00
1258,1683,Keyboard,29,Chicago,73,1/11/2024 17:00,1/15/2024 17:00
1259,1663,Mouse,8,Miami,19.4,1/11/2024 18:00,1/15/2024 18:00
1260,1974,Monitor,15,Miami,45.92,1/11/2024 19:00,1/15/2024 19:00
1261,1826,Mobile,27,Chicago,75.08,1/11/2024 20:00,1/15/2024 20:00
1262,1373,Mobile,46,New York,35.23,1/11/2024 21:00,1/15/2024 21:00
1263,1671,Tablet,7,Miami,71.87,1/11/2024 22:00,1/15/2024 22:00
1264,1607,Tablet,3,Houston,12.2,1/11/2024 23:00,1/15/2024 23:00
1265,1471,Keyboard,29,San Francisco,37.55,1/12/2024 0:00,1/16/2024 0:00
1266,1232,Mouse,44,San Francisco,59.42,1/12/2024 1:00,1/16/2024 1:00
1267,1691,Keyboard,24,Los Angeles,66.89,1/12/2024 2:00,1/16/2024 2:00
1268,1112,Laptop,3,Los Angeles,61.93,1/12/2024 3:00,1/16/2024 3:00
1269,1829,Laptop,20,San Francisco,72.8,1/12/2024 4:00,1/16/2024 4:00
1270,1496,Keyboard,46,San Francisco,10.55,1/12/2024 5:00,1/16/2024 5:00
1271,1441,Mouse,15,Seattle,19.08,1/12/2024 6:00,1/16/2024 6:00
1272,1563,Keyboard,25,Houston,88.2,1/12/2024 7:00,1/16/2024 7:00
1273,1267,Mouse,30,Chicago,71.36,1/12/2024 8:00,1/16/2024 8:00
1274,1509,Mouse,14,Los Angeles,20.16,1/12/2024 9:00,1/16/2024 9:00
1275,1806,Printer,7,Seattle,85.79,1/12/2024 10:00,1/16/2024 10:00
1276,1385,Monitor,17,Seattle,31.8,1/12/2024 11:00,1/16/2024 11:00
1277,1386,Mouse,44,Chicago,53.04,1/12/2024 12:00,1/16/2024 12:00
1278,1112,Tablet,20,Seattle,23.07,1/12/2024 13:00,1/16/2024 13:00
1279,1612,Mouse,36,Houston,73.91,1/12/2024 14:00,1/16/2024 14:00
1280,1624,Mouse,9,San Francisco,70.02,1/12/2024 15:00,1/16/2024 15:00
1281,1951,Mouse,38,Miami,29,1/12/2024 16:00,1/16/2024 16:00
1282,1080,Printer,48,Chicago,87.71,1/12/2024 17:00,1/16/2024 17:00
1283,1698,Printer,22,San Francisco,46.12,1/12/2024 18:00,1/16/2024 18:00
1284,1112,Laptop,2,San Francisco,36.33,1/12/2024 19:00,1/16/2024 19:00
1285,1001,Printer,24,New York,23.71,1/12/2024 20:00,1/16/2024 20:00
1286,1641,Tablet,8,Chicago,33.96,1/12/2024 21:00,1/16/2024 21:00
1287,1219,Tablet,11,Seattle,11.98,1/12/2024 22:00,1/16/2024 22:00
1288,1565,Printer,13,Miami,62.49,1/12/2024 23:00,1/16/2024 23:00
1289,1854,Keyboard,17,Chicago,85.8,1/13/2024 0:00,1/17/2024 0:00
1290,1996,Monitor,8,Seattle,59.41,1/13/2024 1:00,1/17/2024 1:00
1291,1735,Printer,21,San Francisco,29.73,1/13/2024 2:00,1/17/2024 2:00
1292,1224,Mouse,18,Miami,13.03,1/13/2024 3:00,1/17/2024 3:00
1293,1384,Mobile,30,Seattle,29.32,1/13/2024 4:00,1/17/2024 4:00
1294,1402,Monitor,18,Houston,47.45,1/13/2024 5:00,1/17/2024 5:00
1295,1637,Monitor,46,Seattle,78.37,1/13/2024 6:00,1/17/2024 6:00
1296,1129,Tablet,47,New York,26.91,1/13/2024 7:00,1/17/2024 7:00
1297,1052,Monitor,31,San Francisco,74.78,1/13/2024 8:00,1/17/2024 8:00
1298,1683,Printer,38,Seattle,88.02,1/13/2024 9:00,1/17/2024 9:00
1299,1729,Mouse,32,Los Angeles,50.86,1/13/2024 10:00,1/17/2024 10:00
1300,1671,Mouse,11,Los Angeles,83.93,1/13/2024 11:00,1/17/2024 11:00
1301,1709,Laptop,45,New York,59.92,1/13/2024 12:00,1/17/2024 12:00
1302,1415,Mouse,25,Houston,67.34,1/13/2024 13:00,1/17/2024 13:00
1303,1246,Mouse,33,San Francisco,57.37,1/13/2024 14:00,1/17/2024 14:00
1304,1835,Tablet,38,Chicago,51.69,1/13/2024 15:00,1/17/2024 15:00
1305,1438,Mouse,41,New York,31.12,1/13/2024 16:00,1/17/2024 16:00
1306,1202,Laptop,8,Houston,37.29,1/13/2024 17:00,1/17/2024 17:00
1307,1183,Mobile,11,Chicago,36.1,1/13/2024 18:00,1/17/2024 18:00
1308,1122,Printer,22,Los Angeles,60.7,1/13/2024 19:00,1/17/2024 19:00
1309,1400,Tablet,24,Los Angeles,20.8,1/13/2024 20:00,1/17/2024 20:00
1310,1766,Mobile,41,Chicago,92.51,1/13/2024 21:00,1/17/2024 21:00
1311,1293,Tablet,17,New York,74.86,1/13/2024 22:00,1/17/2024 22:00
1312,1279,Keyboard,12,Los Angeles,46.13,1/13/2024 23:00,1/17/2024 23:00
1313,1836,Monitor,46,San Francisco,24.28,1/14/2024 0:00,1/18/2024 0:00
1314,1883,Keyboard,32,Miami,89.38,1/14/2024 1:00,1/18/2024 1:00
1315,1609,Mouse,15,Seattle,84.14,1/14/2024 2:00,1/18/2024 2:00
1316,1197,Mobile,16,Chicago,74.95,1/14/2024 3:00,1/18/2024 3:00
1317,1981,Mouse,22,Chicago,34.44,1/14/2024 4:00,1/18/2024 4:00
1318,1906,Monitor,28,Los Angeles,46.22,1/14/2024 5:00,1/18/2024 5:00
1319,1510,Tablet,20,New York,19.25,1/14/2024 6:00,1/18/2024 6:00
1320,1751,Monitor,33,San Francisco,27.01,1/14/2024 7:00,1/18/2024 7:00
1321,1143,Laptop,10,New York,80.47,1/14/2024 8:00,1/18/2024 8:00
1322,1608,Monitor,40,Houston,74.35,1/14/2024 9:00,1/18/2024 9:00
1323,1200,Laptop,32,Houston,63.41,1/14/2024 10:00,1/18/2024 10:00
1324,1123,Monitor,33,Miami,90.62,1/14/2024 11:00,1/18/2024 11:00
1325,1186,Printer,2,Los Angeles,62.49,1/14/2024 12:00,1/18/2024 12:00
1326,1325,Laptop,33,Los Angeles,52.03,1/14/2024 13:00,1/18/2024 13:00
1327,1463,Mobile,33,Los Angeles,40.63,1/14/2024 14:00,1/18/2024 14:00
1328,1348,Mouse,41,Miami,94.64,1/14/2024 15:00,1/18/2024 15:00
1329,1770,Mouse,13,Houston,17.44,1/14/2024 16:00,1/18/2024 16:00
1330,1659,Keyboard,30,New York,93.78,1/14/2024 17:00,1/18/2024 17:00
1331,1763,Mouse,33,Miami,84.4,1/14/2024 18:00,1/18/2024 18:00
1332,1954,Tablet,13,Miami,21.69,1/14/2024 19:00,1/18/2024 19:00
1333,1931,Printer,26,New York,60.85,1/14/2024 20:00,1/18/2024 20:00
1334,1402,Monitor,22,Los Angeles,87.99,1/14/2024 21:00,1/18/2024 21:00
1335,1345,Keyboard,39,San Francisco,61.46,1/14/2024 22:00,1/18/2024 22:00
1336,1962,Tablet,2,New York,91.65,1/14/2024 23:00,1/18/2024 23:00
1337,1510,Tablet,38,Houston,94.87,1/15/2024 0:00,1/19/2024 0:00
1338,1146,Laptop,39,Chicago,48.01,1/15/2024 1:00,1/19/2024 1:00
1339,1147,Mouse,26,Chicago,43.96,1/15/2024 2:00,1/19/2024 2:00
1340,1863,Mobile,46,Seattle,94.27,1/15/2024 3:00,1/19/2024 3:00
1341,1710,Mobile,15,Seattle,70.76,1/15/2024 4:00,1/19/2024 4:00
1342,1819,Keyboard,34,Miami,20.44,1/15/2024 5:00,1/19/2024 5:00
1343,1488,Printer,42,Chicago,13.81,1/15/2024 6:00,1/19/2024 6:00
1344,1928,Mobile,44,San Francisco,60.82,1/15/2024 7:00,1/19/2024 7:00
1345,1935,Monitor,49,Los Angeles,93.72,1/15/2024 8:00,1/19/2024 8:00
1346,1639,Mobile,40,Houston,85.98,1/15/2024 9:00,1/19/2024 9:00
1347,1550,Keyboard,11,Seattle,70.83,1/15/2024 10:00,1/19/2024 10:00
1348,1337,Mobile,3,San Francisco,22.52,1/15/2024 11:00,1/19/2024 11:00
1349,1871,Monitor,6,Houston,32.88,1/15/2024 12:00,1/19/2024 12:00
1350,1640,Laptop,9,Houston,88.8,1/15/2024 13:00,1/19/2024 13:00
1351,1778,Printer,6,Los Angeles,26.45,1/15/2024 14:00,1/19/2024 14:00
1352,1987,Keyboard,9,Miami,35.06,1/15/2024 15:00,1/19/2024 15:00
1353,1952,Laptop,39,Chicago,21.66,1/15/2024 16:00,1/19/2024 16:00
1354,1472,Laptop,31,Los Angeles,70.85,1/15/2024 17:00,1/19/2024 17:00
1355,1945,Laptop,32,San Francisco,94.96,1/15/2024 18:00,1/19/2024 18:00
1356,1150,Tablet,41,Miami,34.21,1/15/2024 19:00,1/19/2024 19:00
1357,1414,Printer,12,San Francisco,52.79,1/15/2024 20:00,1/19/2024 20:00
1358,1989,Mouse,8,Miami,67.09,1/15/2024 21:00,1/19/2024 21:00
1359,1297,Printer,8,Seattle,99.95,1/15/2024 22:00,1/19/2024 22:00
1360,1610,Tablet,28,San Francisco,19.43,1/15/2024 23:00,1/19/2024 23:00
1361,1262,Mouse,20,Los Angeles,54.87,1/16/2024 0:00,1/20/2024 0:00
1362,1763,Printer,47,Miami,44.66,1/16/2024 1:00,1/20/2024 1:00
1363,1143,Laptop,7,Miami,87.92,1/16/2024 2:00,1/20/2024 2:00
1364,1345,Keyboard,11,Houston,52.84,1/16/2024 3:00,1/20/2024 3:00
1365,1623,Mouse,20,Houston,19.99,1/16/2024 4:00,1/20/2024 4:00
1366,1571,Monitor,16,New York,67.1,1/16/2024 5:00,1/20/2024 5:00
1367,1880,Monitor,4,San Francisco,79.37,1/16/2024 6:00,1/20/2024 6:00
1368,1001,Mobile,6,Houston,10.26,1/16/2024 7:00,1/20/2024 7:00
1369,1896,Mouse,22,New York,87.31,1/16/2024 8:00,1/20/2024 8:00
1370,1303,Keyboard,26,Seattle,26.74,1/16/2024 9:00,1/20/2024 9:00
1371,1253,Tablet,3,Seattle,59.69,1/16/2024 10:00,1/20/2024 10:00
1372,1651,Laptop,41,Houston,47.42,1/16/2024 11:00,1/20/2024 11:00
1373,1452,Mobile,42,San Francisco,74.77,1/16/2024 12:00,1/20/2024 12:00
1374,1036,Monitor,14,Miami,43.4,1/16/2024 13:00,1/20/2024 13:00
1375,1159,Tablet,11,Chicago,88.28,1/16/2024 14:00,1/20/2024 14:00
1376,1008,Tablet,18,San Francisco,75.74,1/16/2024 15:00,1/20/2024 15:00
1377,1232,Laptop,12,Los Angeles,68.29,1/16/2024 16:00,1/20/2024 16:00
1378,1098,Mouse,23,Seattle,81.66,1/16/2024 17:00,1/20/2024 17:00
1379,1658,Monitor,12,Houston,77.86,1/16/2024 18:00,1/20/2024 18:00
1380,1815,Keyboard,13,Houston,13.23,1/16/2024 19:00,1/20/2024 19:00
1381,1207,Tablet,25,Miami,45.53,1/16/2024 20:00,1/20/2024 20:00
1382,1130,Laptop,45,Los Angeles,93.77,1/16/2024 21:00,1/20/2024 21:00
1383,1403,Keyboard,19,Miami,21.32,1/16/2024 22:00,1/20/2024 22:00
1384,1151,Mouse,46,Los Angeles,76.34,1/16/2024 23:00,1/20/2024 23:00
1385,1053,Monitor,36,Chicago,97.71,1/17/2024 0:00,1/21/2024 0:00
1386,1119,Mouse,45,Seattle,14.7,1/17/2024 1:00,1/21/2024 1:00
1387,1672,Tablet,8,Houston,71.4,1/17/2024 2:00,1/21/2024 2:00
1388,1919,Keyboard,29,Houston,52.13,1/17/2024 3:00,1/21/2024 3:00
1389,1627,Keyboard,32,Chicago,62.13,1/17/2024 4:00,1/21/2024 4:00
1390,1586,Keyboard,44,New York,17.68,1/17/2024 5:00,1/21/2024 5:00
1391,1624,Tablet,18,Seattle,13.87,1/17/2024 6:00,1/21/2024 6:00
1392,1967,Tablet,6,Miami,70.02,1/17/2024 7:00,1/21/2024 7:00
1393,1419,Mouse,18,Chicago,84.1,1/17/2024 8:00,1/21/2024 8:00
1394,1421,Mobile,19,Miami,80.38,1/17/2024 9:00,1/21/2024 9:00
1395,1103,Mouse,22,San Francisco,58.94,1/17/2024 10:00,1/21/2024 10:00
1396,1851,Monitor,37,Houston,18.99,1/17/2024 11:00,1/21/2024 11:00
1397,1253,Laptop,32,Miami,71.92,1/17/2024 12:00,1/21/2024 12:00
1398,1226,Keyboard,41,Los Angeles,31.77,1/17/2024 13:00,1/21/2024 13:00
1399,1111,Mobile,3,Miami,92,1/17/2024 14:00,1/21/2024 14:00
1400,1509,Laptop,28,San Francisco,85.44,1/17/2024 15:00,1/21/2024 15:00
1401,1472,Mobile,10,Seattle,73.84,1/17/2024 16:00,1/21/2024 16:00
1402,1098,Printer,35,Houston,95.4,1/17/2024 17:00,1/21/2024 17:00
1403,1152,Mouse,29,Chicago,12.83,1/17/2024 18:00,1/21/2024 18:00
1404,1860,Tablet,15,San Francisco,76.26,1/17/2024 19:00,1/21/2024 19:00
1405,1913,Keyboard,33,Houston,39.72,1/17/2024 20:00,1/21/2024 20:00
1406,1895,Mouse,7,Miami,91.55,1/17/2024 21:00,1/21/2024 21:00
1407,1877,Laptop,12,Seattle,34,1/17/2024 22:00,1/21/2024 22:00
1408,1337,Printer,49,New York,75.24,1/17/2024 23:00,1/21/2024 23:00
1409,1705,Printer,30,Seattle,88.99,1/18/2024 0:00,1/22/2024 0:00
1410,1821,Printer,21,New York,13.75,1/18/2024 1:00,1/22/2024 1:00
1411,1162,Laptop,31,Los Angeles,45.79,1/18/2024 2:00,1/22/2024 2:00
1412,1719,Laptop,24,Seattle,78.61,1/18/2024 3:00,1/22/2024 3:00
1413,1956,Laptop,20,Houston,50.94,1/18/2024 4:00,1/22/2024 4:00
1414,1680,Laptop,37,New York,34.05,1/18/2024 5:00,1/22/2024 5:00
1415,1995,Printer,4,Chicago,29.78,1/18/2024 6:00,1/22/2024 6:00
1416,1160,Printer,28,Houston,21.84,1/18/2024 7:00,1/22/2024 7:00
1417,1579,Mobile,44,Chicago,87.14,1/18/2024 8:00,1/22/2024 8:00
1418,1800,Mouse,20,Seattle,61.78,1/18/2024 9:00,1/22/2024 9:00
1419,1397,Keyboard,24,Chicago,16.87,1/18/2024 10:00,1/22/2024 10:00
1420,1276,Tablet,49,New York,44.43,1/18/2024 11:00,1/22/2024 11:00
1421,1815,Printer,32,Houston,43.1,1/18/2024 12:00,1/22/2024 12:00
1422,1915,Tablet,41,Miami,26.36,1/18/2024 13:00,1/22/2024 13:00
1423,1503,Mouse,36,San Francisco,49.2,1/18/2024 14:00,1/22/2024 14:00
1424,1895,Mouse,34,New York,39.89,1/18/2024 15:00,1/22/2024 15:00
1425,1391,Tablet,36,New York,40.76,1/18/2024 16:00,1/22/2024 16:00
1426,1134,Printer,2,Miami,76.51,1/18/2024 17:00,1/22/2024 17:00
1427,1194,Tablet,15,Houston,30.09,1/18/2024 18:00,1/22/2024 18:00
1428,1400,Mobile,34,Houston,67.77,1/18/2024 19:00,1/22/2024 19:00
1429,1639,Monitor,36,Seattle,61.36,1/18/2024 20:00,1/22/2024 20:00
1430,1032,Printer,6,Chicago,61.13,1/18/2024 21:00,1/22/2024 21:00
1431,1687,Printer,39,Seattle,69.67,1/18/2024 22:00,1/22/2024 22:00
1432,1459,Keyboard,42,Miami,59.35,1/18/2024 23:00,1/22/2024 23:00
1433,1954,Laptop,12,Seattle,89.13,1/19/2024 0:00,1/23/2024 0:00
1434,1882,Monitor,3,Miami,70.8,1/19/2024 1:00,1/23/2024 1:00
1435,1469,Mouse,45,Houston,59.23,1/19/2024 2:00,1/23/2024 2:00
1436,1374,Printer,18,Chicago,84.68,1/19/2024 3:00,1/23/2024 3:00
1437,1021,Tablet,40,Seattle,64.55,1/19/2024 4:00,1/23/2024 4:00
1438,1749,Monitor,21,New York,36.2,1/19/2024 5:00,1/23/2024 5:00
1439,1669,Keyboard,15,Los Angeles,28.64,1/19/2024 6:00,1/23/2024 6:00
1440,1037,Mouse,33,San Francisco,23.71,1/19/2024 7:00,1/23/2024 7:00
1441,1229,Laptop,35,New York,90.95,1/19/2024 8:00,1/23/2024 8:00
1442,1364,Laptop,26,Houston,73.91,1/19/2024 9:00,1/23/2024 9:00
1443,1562,Keyboard,8,San Francisco,94.36,1/19/2024 10:00,1/23/2024 10:00
1444,1437,Keyboard,36,Los Angeles,64.3,1/19/2024 11:00,1/23/2024 11:00
1445,1775,Tablet,48,Los Angeles,52.61,1/19/2024 12:00,1/23/2024 12:00
1446,1282,Printer,30,Chicago,15.37,1/19/2024 13:00,1/23/2024 13:00
1447,1026,Laptop,23,San Francisco,70.45,1/19/2024 14:00,1/23/2024 14:00
1448,1225,Mouse,42,Chicago,62.4,1/19/2024 15:00,1/23/2024 15:00
1449,1276,Monitor,44,New York,99.12,1/19/2024 16:00,1/23/2024 16:00
1450,1797,Mouse,14,Miami,31.52,1/19/2024 17:00,1/23/2024 17:00
1451,1608,Mobile,14,Miami,57.77,1/19/2024 18:00,1/23/2024 18:00
1452,1283,Mobile,2,Miami,68.59,1/19/2024 19:00,1/23/2024 19:00
1453,1878,Keyboard,37,San Francisco,68.01,1/19/2024 20:00,1/23/2024 20:00
1454,1959,Tablet,5,Miami,60.52,1/19/2024 21:00,1/23/2024 21:00
1455,1480,Mobile,38,New York,79.92,1/19/2024 22:00,1/23/2024 22:00
1456,1452,Laptop,45,Chicago,28.45,1/19/2024 23:00,1/23/2024 23:00
1457,1828,Mouse,41,San Francisco,75.31,1/20/2024 0:00,1/24/2024 0:00
1458,1815,Mouse,47,Chicago,65.78,1/20/2024 1:00,1/24/2024 1:00
1459,1658,Keyboard,14,San Francisco,90.65,1/20/2024 2:00,1/24/2024 2:00
1460,1515,Printer,39,Chicago,86.25,1/20/2024 3:00,1/24/2024 3:00
1461,1546,Printer,25,Los Angeles,38.36,1/20/2024 4:00,1/24/2024 4:00
1462,1191,Monitor,20,Chicago,34.86,1/20/2024 5:00,1/24/2024 5:00
1463,1048,Keyboard,2,Miami,98.35,1/20/2024 6:00,1/24/2024 6:00
1464,1511,Monitor,39,Los Angeles,57.45,1/20/2024 7:00,1/24/2024 7:00
1465,1016,Printer,6,Chicago,91.58,1/20/2024 8:00,1/24/2024 8:00
1466,1171,Keyboard,17,San Francisco,24.75,1/20/2024 9:00,1/24/2024 9:00
1467,1219,Keyboard,25,San Francisco,67.85,1/20/2024 10:00,1/24/2024 10:00
1468,1157,Keyboard,28,San Francisco,82.89,1/20/2024 11:00,1/24/2024 11:00
1469,1476,Printer,2,Houston,95.27,1/20/2024 12:00,1/24/2024 12:00
1470,1045,Monitor,35,New York,40.36,1/20/2024 13:00,1/24/2024 13:00
1471,1372,Monitor,37,San Francisco,75.25,1/20/2024 14:00,1/24/2024 14:00
1472,1517,Keyboard,5,Los Angeles,58.49,1/20/2024 15:00,1/24/2024 15:00
1473,1098,Mobile,1,San Francisco,15.46,1/20/2024 16:00,1/24/2024 16:00
1474,1891,Tablet,40,Houston,72.1,1/20/2024 17:00,1/24/2024 17:00
1475,1744,Printer,12,Miami,72.11,1/20/2024 18:00,1/24/2024 18:00
1476,1036,Tablet,36,Los Angeles,93.75,1/20/2024 19:00,1/24/2024 19:00
1477,1279,Tablet,45,Houston,54.76,1/20/2024 20:00,1/24/2024 20:00
1478,1348,Monitor,23,Miami,30.72,1/20/2024 21:00,1/24/2024 21:00
1479,1496,Monitor,47,Seattle,14.01,1/20/2024 22:00,1/24/2024 22:00
1480,1301,Mobile,31,Seattle,47.41,1/20/2024 23:00,1/24/2024 23:00
1481,1180,Tablet,11,Los Angeles,37.17,1/21/2024 0:00,1/25/2024 0:00
1482,1606,Tablet,10,Chicago,78.5,1/21/2024 1:00,1/25/2024 1:00
1483,1098,Keyboard,3,New York,41.88,1/21/2024 2:00,1/25/2024 2:00
1484,1699,Monitor,14,New York,95.42,1/21/2024 3:00,1/25/2024 3:00
1485,1992,Tablet,16,Houston,96.61,1/21/2024 4:00,1/25/2024 4:00
1486,1115,Mouse,10,Miami,65.88,1/21/2024 5:00,1/25/2024 5:00
1487,1190,Mobile,29,New York,93.58,1/21/2024 6:00,1/25/2024 6:00
1488,1252,Mouse,10,Miami,78.48,1/21/2024 7:00,1/25/2024 7:00
1489,1980,Mouse,12,Miami,59.22,1/21/2024 8:00,1/25/2024 8:00
1490,1927,Printer,30,Houston,26.23,1/21/2024 9:00,1/25/2024 9:00
1491,1982,Printer,41,Houston,51.27,1/21/2024 10:00,1/25/2024 10:00
1492,1160,Mobile,1,Houston,60.48,1/21/2024 11:00,1/25/2024 11:00
1493,1255,Mouse,5,New York,87.76,1/21/2024 12:00,1/25/2024 12:00
1494,1322,Tablet,20,Seattle,53.32,1/21/2024 13:00,1/25/2024 13:00
1495,1127,Monitor,8,Houston,90.79,1/21/2024 14:00,1/25/2024 14:00
1496,1017,Mobile,43,New York,70.69,1/21/2024 15:00,1/25/2024 15:00
1497,1792,Keyboard,12,Houston,22.33,1/21/2024 16:00,1/25/2024 16:00
1498,1734,Mouse,1,San Francisco,99.55,1/21/2024 17:00,1/25/2024 17:00
1499,1565,Mobile,20,Miami,57.45,1/21/2024 18:00,1/25/2024 18:00
1500,1569,Laptop,28,Houston,45.27,1/21/2024 19:00,1/25/2024 19:00
1501,1322,Laptop,43,Los Angeles,69.32,1/21/2024 20:00,1/25/2024 20:00
1502,1871,Printer,37,Miami,19.8,1/21/2024 21:00,1/25/2024 21:00
1503,1685,Monitor,47,Miami,67.29,1/21/2024 22:00,1/25/2024 22:00
1504,1791,Tablet,37,Houston,54.84,1/21/2024 23:00,1/25/2024 23:00
1505,1625,Monitor,12,Seattle,46.6,1/22/2024 0:00,1/26/2024 0:00
1506,1287,Monitor,37,Chicago,95.77,1/22/2024 1:00,1/26/2024 1:00
1507,1942,Monitor,49,Seattle,57.03,1/22/2024 2:00,1/26/2024 2:00
1508,1853,Monitor,49,Houston,29.72,1/22/2024 3:00,1/26/2024 3:00
1509,1662,Keyboard,44,Miami,51.31,1/22/2024 4:00,1/26/2024 4:00
1510,1961,Keyboard,28,Los Angeles,92.74,1/22/2024 5:00,1/26/2024 5:00
1511,1638,Printer,47,Miami,25.85,1/22/2024 6:00,1/26/2024 6:00
1512,1154,Mobile,15,Seattle,29.26,1/22/2024 7:00,1/26/2024 7:00
1513,1489,Laptop,6,Los Angeles,11.17,1/22/2024 8:00,1/26/2024 8:00
1514,1385,Monitor,44,New York,11.28,1/22/2024 9:00,1/26/2024 9:00
1515,1985,Printer,20,San Francisco,84.65,1/22/2024 10:00,1/26/2024 10:00
1516,1784,Mobile,14,Miami,75.89,1/22/2024 11:00,1/26/2024 11:00
1517,1103,Laptop,2,Houston,41.95,1/22/2024 12:00,1/26/2024 12:00
1518,1928,Mouse,9,New York,72.85,1/22/2024 13:00,1/26/2024 13:00
1519,1392,Tablet,37,San Francisco,45.57,1/22/2024 14:00,1/26/2024 14:00
1520,1810,Keyboard,20,Houston,95.76,1/22/2024 15:00,1/26/2024 15:00
1521,1245,Mouse,26,Chicago,97.03,1/22/2024 16:00,1/26/2024 16:00
1522,1175,Laptop,29,Houston,45.35,1/22/2024 17:00,1/26/2024 17:00
1523,1038,Mouse,1,Los Angeles,86.88,1/22/2024 18:00,1/26/2024 18:00
1524,1476,Tablet,35,Los Angeles,79.58,1/22/2024 19:00,1/26/2024 19:00
1525,1681,Printer,6,Chicago,37.9,1/22/2024 20:00,1/26/2024 20:00
1526,1758,Laptop,37,New York,30.88,1/22/2024 21:00,1/26/2024 21:00
1527,1537,Mouse,5,San Francisco,51.24,1/22/2024 22:00,1/26/2024 22:00
1528,1866,Keyboard,33,Houston,80.32,1/22/2024 23:00,1/26/2024 23:00
1529,1817,Keyboard,49,Los Angeles,96.42,1/23/2024 0:00,1/27/2024 0:00
1530,1920,Mobile,14,New York,78.72,1/23/2024 1:00,1/27/2024 1:00
1531,1407,Mouse,12,Chicago,86.97,1/23/2024 2:00,1/27/2024 2:00
1532,1524,Monitor,42,Seattle,64.28,1/23/2024 3:00,1/27/2024 3:00
1533,1827,Mouse,20,Miami,85.19,1/23/2024 4:00,1/27/2024 4:00
1534,1505,Printer,24,Seattle,80.6,1/23/2024 5:00,1/27/2024 5:00
1535,1902,Laptop,43,Seattle,43.93,1/23/2024 6:00,1/27/2024 6:00
1536,1824,Laptop,34,Los Angeles,59.68,1/23/2024 7:00,1/27/2024 7:00
1537,1035,Printer,25,Chicago,82.43,1/23/2024 8:00,1/27/2024 8:00
1538,1684,Mouse,29,Houston,14.15,1/23/2024 9:00,1/27/2024 9:00
1539,1019,Printer,39,Seattle,82.73,1/23/2024 10:00,1/27/2024 10:00
1540,1320,Tablet,31,Seattle,26.01,1/23/2024 11:00,1/27/2024 11:00
1541,1775,Printer,47,San Francisco,56.32,1/23/2024 12:00,1/27/2024 12:00
1542,1511,Keyboard,43,Los Angeles,82.74,1/23/2024 13:00,1/27/2024 13:00
1543,1399,Printer,23,Los Angeles,32.84,1/23/2024 14:00,1/27/2024 14:00
1544,1653,Laptop,44,Houston,32.12,1/23/2024 15:00,1/27/2024 15:00
1545,1971,Keyboard,38,Miami,46.25,1/23/2024 16:00,1/27/2024 16:00
1546,1882,Laptop,20,New York,90.52,1/23/2024 17:00,1/27/2024 17:00
1547,1470,Mobile,23,San Francisco,10.04,1/23/2024 18:00,1/27/2024 18:00
1548,1142,Monitor,45,Los Angeles,91.12,1/23/2024 19:00,1/27/2024 19:00
1549,1091,Laptop,16,San Francisco,23.84,1/23/2024 20:00,1/27/2024 20:00
1550,1353,Keyboard,42,Los Angeles,99.11,1/23/2024 21:00,1/27/2024 21:00
1551,1833,Mobile,8,San Francisco,95.94,1/23/2024 22:00,1/27/2024 22:00
1552,1799,Laptop,21,Chicago,54.52,1/23/2024 23:00,1/27/2024 23:00
1553,1726,Tablet,1,Seattle,56.14,1/24/2024 0:00,1/28/2024 0:00
1554,1958,Printer,8,Los Angeles,53.34,1/24/2024 1:00,1/28/2024 1:00
1555,1853,Monitor,29,San Francisco,67.19,1/24/2024 2:00,1/28/2024 2:00
1556,1050,Laptop,32,New York,18.16,1/24/2024 3:00,1/28/2024 3:00
1557,1664,Mobile,38,Chicago,12.94,1/24/2024 4:00,1/28/2024 4:00
1558,1697,Tablet,5,Chicago,15.19,1/24/2024 5:00,1/28/2024 5:00
1559,1574,Mouse,47,New York,49.99,1/24/2024 6:00,1/28/2024 6:00
1560,1189,Mobile,22,San Francisco,34.8,1/24/2024 7:00,1/28/2024 7:00
1561,1124,Printer,47,Houston,65.98,1/24/2024 8:00,1/28/2024 8:00
1562,1149,Mobile,34,New York,99.32,1/24/2024 9:00,1/28/2024 9:00
1563,1313,Tablet,1,San Francisco,44.77,1/24/2024 10:00,1/28/2024 10:00
1564,1569,Mobile,26,New York,61.65,1/24/2024 11:00,1/28/2024 11:00
1565,1341,Tablet,43,New York,47.4,1/24/2024 12:00,1/28/2024 12:00
1566,1304,Laptop,10,Los Angeles,86.25,1/24/2024 13:00,1/28/2024 13:00
1567,1691,Tablet,30,San Francisco,91.2,1/24/2024 14:00,1/28/2024 14:00
1568,1681,Tablet,18,Houston,88.96,1/24/2024 15:00,1/28/2024 15:00
1569,1837,Monitor,17,Seattle,97.69,1/24/2024 16:00,1/28/2024 16:00
1570,1782,Tablet,26,Los Angeles,12.48,1/24/2024 17:00,1/28/2024 17:00
1571,1053,Tablet,8,New York,85.58,1/24/2024 18:00,1/28/2024 18:00
1572,1443,Mouse,47,Seattle,77.66,1/24/2024 19:00,1/28/2024 19:00
1573,1612,Laptop,40,Miami,30.58,1/24/2024 20:00,1/28/2024 20:00
1574,1992,Printer,49,Seattle,96.07,1/24/2024 21:00,1/28/2024 21:00
1575,1263,Monitor,12,New York,23.34,1/24/2024 22:00,1/28/2024 22:00
1576,1052,Mouse,27,New York,71.16,1/24/2024 23:00,1/28/2024 23:00
1577,1571,Keyboard,8,San Francisco,30.24,1/25/2024 0:00,1/29/2024 0:00
1578,1619,Laptop,25,San Francisco,48.82,1/25/2024 1:00,1/29/2024 1:00
1579,1004,Laptop,46,Los Angeles,74.72,1/25/2024 2:00,1/29/2024 2:00
1580,1102,Keyboard,4,Houston,60.7,1/25/2024 3:00,1/29/2024 3:00
1581,1195,Printer,33,Los Angeles,48.48,1/25/2024 4:00,1/29/2024 4:00
1582,1773,Tablet,1,Chicago,39.37,1/25/2024 5:00,1/29/2024 5:00
1583,1876,Mouse,19,New York,85.57,1/25/2024 6:00,1/29/2024 6:00
1584,1991,Mobile,31,Seattle,22.94,1/25/2024 7:00,1/29/2024 7:00
1585,1883,Monitor,16,Miami,48.71,1/25/2024 8:00,1/29/2024 8:00
1586,1349,Mobile,14,New York,91.34,1/25/2024 9:00,1/29/2024 9:00
1587,1046,Keyboard,48,New York,86.13,1/25/2024 10:00,1/29/2024 10:00
1588,1866,Laptop,5,Los Angeles,46.08,1/25/2024 11:00,1/29/2024 11:00
1589,1822,Printer,41,Miami,78.68,1/25/2024 12:00,1/29/2024 12:00
1590,1935,Laptop,26,Miami,84.08,1/25/2024 13:00,1/29/2024 13:00
1591,1819,Monitor,28,Miami,90,1/25/2024 14:00,1/29/2024 14:00
1592,1655,Laptop,2,Los Angeles,59.01,1/25/2024 15:00,1/29/2024 15:00
1593,1268,Laptop,6,New York,28.4,1/25/2024 16:00,1/29/2024 16:00
1594,1369,Monitor,9,Los Angeles,32.98,1/25/2024 17:00,1/29/2024 17:00
1595,1635,Mouse,33,San Francisco,36.61,1/25/2024 18:00,1/29/2024 18:00
1596,1105,Mouse,41,San Francisco,63.44,1/25/2024 19:00,1/29/2024 19:00
1597,1669,Monitor,25,Los Angeles,12.95,1/25/2024 20:00,1/29/2024 20:00
1598,1658,Printer,48,Miami,67.24,1/25/2024 21:00,1/29/2024 21:00
1599,1656,Keyboard,13,New York,42.79,1/25/2024 22:00,1/29/2024 22:00
1600,1119,Laptop,9,Los Angeles,36.57,1/25/2024 23:00,1/29/2024 23:00
1601,1830,Printer,13,Los Angeles,89.15,1/26/2024 0:00,1/30/2024 0:00
1602,1786,Laptop,31,Los Angeles,51.4,1/26/2024 1:00,1/30/2024 1:00
1603,1603,Keyboard,41,Chicago,18.55,1/26/2024 2:00,1/30/2024 2:00
1604,1057,Mouse,11,San Francisco,84.41,1/26/2024 3:00,1/30/2024 3:00
1605,1950,Printer,4,Seattle,14.29,1/26/2024 4:00,1/30/2024 4:00
1606,1345,Tablet,34,Miami,75.41,1/26/2024 5:00,1/30/2024 5:00
1607,1740,Tablet,38,Houston,79.65,1/26/2024 6:00,1/30/2024 6:00
1608,1473,Tablet,46,Seattle,41.73,1/26/2024 7:00,1/30/2024 7:00
1609,1116,Mouse,4,Miami,84.23,1/26/2024 8:00,1/30/2024 8:00
1610,1829,Mouse,38,Houston,56.41,1/26/2024 9:00,1/30/2024 9:00
1611,1790,Keyboard,19,Chicago,51.7,1/26/2024 10:00,1/30/2024 10:00
1612,1126,Laptop,6,Los Angeles,14.09,1/26/2024 11:00,1/30/2024 11:00
1613,1392,Keyboard,34,Chicago,36.1,1/26/2024 12:00,1/30/2024 12:00
1614,1907,Keyboard,18,Chicago,93.79,1/26/2024 13:00,1/30/2024 13:00
1615,1640,Mouse,13,Seattle,45.26,1/26/2024 14:00,1/30/2024 14:00
1616,1057,Tablet,41,New York,59.2,1/26/2024 15:00,1/30/2024 15:00
1617,1633,Mobile,23,Seattle,57.88,1/26/2024 16:00,1/30/2024 16:00
1618,1512,Laptop,19,San Francisco,63.14,1/26/2024 17:00,1/30/2024 17:00
1619,1750,Mouse,45,Houston,15.52,1/26/2024 18:00,1/30/2024 18:00
1620,1801,Tablet,11,Los Angeles,42.6,1/26/2024 19:00,1/30/2024 19:00
1621,1095,Printer,1,Seattle,75.08,1/26/2024 20:00,1/30/2024 20:00
1622,1637,Mobile,24,Houston,28.05,1/26/2024 21:00,1/30/2024 21:00
1623,1117,Mobile,7,Miami,28.32,1/26/2024 22:00,1/30/2024 22:00
1624,1559,Mouse,25,Houston,10.91,1/26/2024 23:00,1/30/2024 23:00
1625,1600,Monitor,21,Miami,49.37,1/27/2024 0:00,1/31/2024 0:00
1626,1487,Laptop,15,Seattle,89.45,1/27/2024 1:00,1/31/2024 1:00
1627,1236,Mobile,1,San Francisco,14.67,1/27/2024 2:00,1/31/2024 2:00
1628,1884,Mouse,12,Seattle,27.2,1/27/2024 3:00,1/31/2024 3:00
1629,1896,Mouse,7,Miami,37.91,1/27/2024 4:00,1/31/2024 4:00
1630,1271,Tablet,15,Houston,75.86,1/27/2024 5:00,1/31/2024 5:00
1631,1188,Printer,21,Houston,67.66,1/27/2024 6:00,1/31/2024 6:00
1632,1998,Monitor,19,Miami,47.43,1/27/2024 7:00,1/31/2024 7:00
1633,1703,Laptop,29,Chicago,78.32,1/27/2024 8:00,1/31/2024 8:00
1634,1446,Keyboard,25,San Francisco,64.87,1/27/2024 9:00,1/31/2024 9:00
1635,1580,Printer,33,New York,90.64,1/27/2024 10:00,1/31/2024 10:00
1636,1789,Printer,49,Los Angeles,83.62,1/27/2024 11:00,1/31/2024 11:00
1637,1860,Tablet,32,Houston,32.75,1/27/2024 12:00,1/31/2024 12:00
1638,1246,Mobile,49,Los Angeles,34.43,1/27/2024 13:00,1/31/2024 13:00
1639,1962,Mobile,35,New York,21.28,1/27/2024 14:00,1/31/2024 14:00
1640,1075,Tablet,44,Seattle,40.33,1/27/2024 15:00,1/31/2024 15:00
1641,1153,Mouse,38,Los Angeles,99.96,1/27/2024 16:00,1/31/2024 16:00
1642,1655,Mobile,26,New York,46.52,1/27/2024 17:00,1/31/2024 17:00
1643,1434,Monitor,11,Miami,29.84,1/27/2024 18:00,1/31/2024 18:00
1644,1996,Laptop,35,Chicago,78.62,1/27/2024 19:00,1/31/2024 19:00
1645,1085,Printer,8,Houston,58.82,1/27/2024 20:00,1/31/2024 20:00
1646,1696,Printer,46,New York,23.46,1/27/2024 21:00,1/31/2024 21:00
1647,1284,Monitor,14,Los Angeles,44.26,1/27/2024 22:00,1/31/2024 22:00
1648,1973,Mobile,10,Houston,47.3,1/27/2024 23:00,1/31/2024 23:00
1649,1219,Printer,2,Chicago,77.84,1/28/2024 0:00,2/1/2024 0:00
1650,1068,Keyboard,46,Miami,11.86,1/28/2024 1:00,2/1/2024 1:00
1651,1046,Laptop,9,Seattle,34.21,1/28/2024 2:00,2/1/2024 2:00
1652,1093,Laptop,3,Houston,56.58,1/28/2024 3:00,2/1/2024 3:00
1653,1749,Printer,21,Seattle,34.2,1/28/2024 4:00,2/1/2024 4:00
1654,1957,Tablet,26,New York,66.56,1/28/2024 5:00,2/1/2024 5:00
1655,1452,Printer,8,Chicago,53.37,1/28/2024 6:00,2/1/2024 6:00
1656,1203,Tablet,48,Los Angeles,42.55,1/28/2024 7:00,2/1/2024 7:00
1657,1911,Printer,2,Chicago,95.43,1/28/2024 8:00,2/1/2024 8:00
1658,1217,Keyboard,6,Chicago,66.89,1/28/2024 9:00,2/1/2024 9:00
1659,1473,Mouse,28,San Francisco,21.69,1/28/2024 10:00,2/1/2024 10:00
1660,1431,Laptop,29,Chicago,60.41,1/28/2024 11:00,2/1/2024 11:00
1661,1340,Printer,26,Chicago,80.27,1/28/2024 12:00,2/1/2024 12:00
1662,1550,Keyboard,25,Houston,73.76,1/28/2024 13:00,2/1/2024 13:00
1663,1611,Tablet,12,Los Angeles,25.49,1/28/2024 14:00,2/1/2024 14:00
1664,1288,Tablet,5,Houston,97.52,1/28/2024 15:00,2/1/2024 15:00
1665,1253,Laptop,34,Houston,50.39,1/28/2024 16:00,2/1/2024 16:00
1666,1733,Monitor,48,New York,24.31,1/28/2024 17:00,2/1/2024 17:00
1667,1356,Printer,37,Houston,26.22,1/28/2024 18:00,2/1/2024 18:00
1668,1022,Mobile,15,San Francisco,18.84,1/28/2024 19:00,2/1/2024 19:00
1669,1761,Tablet,44,San Francisco,82.32,1/28/2024 20:00,2/1/2024 20:00
1670,1521,Mouse,36,Seattle,20.98,1/28/2024 21:00,2/1/2024 21:00
1671,1757,Mouse,15,New York,21.26,1/28/2024 22:00,2/1/2024 22:00
1672,1836,Tablet,43,Seattle,86.54,1/28/2024 23:00,2/1/2024 23:00
1673,1099,Monitor,48,Seattle,41.01,1/29/2024 0:00,2/2/2024 0:00
1674,1801,Monitor,23,Miami,12.78,1/29/2024 1:00,2/2/2024 1:00
1675,1179,Keyboard,6,Los Angeles,14.67,1/29/2024 2:00,2/2/2024 2:00
1676,1222,Mouse,46,Los Angeles,22.8,1/29/2024 3:00,2/2/2024 3:00
1677,1905,Keyboard,44,Houston,29.21,1/29/2024 4:00,2/2/2024 4:00
1678,1761,Mouse,43,Houston,69.86,1/29/2024 5:00,2/2/2024 5:00
1679,1658,Printer,45,Miami,24.16,1/29/2024 6:00,2/2/2024 6:00
1680,1441,Printer,21,Houston,20.7,1/29/2024 7:00,2/2/2024 7:00
1681,1607,Mobile,23,Los Angeles,78.82,1/29/2024 8:00,2/2/2024 8:00
1682,1768,Printer,43,Seattle,70.39,1/29/2024 9:00,2/2/2024 9:00
1683,1324,Mobile,16,Chicago,49.18,1/29/2024 10:00,2/2/2024 10:00
1684,1515,Printer,47,San Francisco,59.44,1/29/2024 11:00,2/2/2024 11:00
1685,1015,Laptop,15,Chicago,38.08,1/29/2024 12:00,2/2/2024 12:00
1686,1791,Printer,25,Chicago,53.43,1/29/2024 13:00,2/2/2024 13:00
1687,1335,Keyboard,36,Los Angeles,55.6,1/29/2024 14:00,2/2/2024 14:00
1688,1758,Tablet,11,Chicago,44.85,1/29/2024 15:00,2/2/2024 15:00
1689,1257,Keyboard,15,Miami,91.59,1/29/2024 16:00,2/2/2024 16:00
1690,1496,Tablet,4,New York,11.45,1/29/2024 17:00,2/2/2024 17:00
1691,1987,Monitor,21,Houston,80.4,1/29/2024 18:00,2/2/2024 18:00
1692,1895,Keyboard,13,New York,21.19,1/29/2024 19:00,2/2/2024 19:00
1693,1159,Monitor,22,Seattle,81.78,1/29/2024 20:00,2/2/2024 20:00
1694,1474,Mobile,19,San Francisco,65.43,1/29/2024 21:00,2/2/2024 21:00
1695,1851,Mobile,34,Houston,85.9,1/29/2024 22:00,2/2/2024 22:00
1696,1663,Laptop,14,Chicago,18.78,1/29/2024 23:00,2/2/2024 23:00
1697,1907,Printer,4,San Francisco,60.31,1/30/2024 0:00,2/3/2024 0:00
1698,1689,Keyboard,48,Houston,55.1,1/30/2024 1:00,2/3/2024 1:00
1699,1674,Monitor,46,Miami,73.56,1/30/2024 2:00,2/3/2024 2:00
1700,1379,Tablet,27,Miami,58.09,1/30/2024 3:00,2/3/2024 3:00
1701,1544,Mobile,29,Miami,58.67,1/30/2024 4:00,2/3/2024 4:00
1702,1928,Printer,47,Miami,48.66,1/30/2024 5:00,2/3/2024 5:00
1703,1956,Mobile,28,Chicago,37.8,1/30/2024 6:00,2/3/2024 6:00
1704,1690,Tablet,35,New York,53.4,1/30/2024 7:00,2/3/2024 7:00
1705,1426,Printer,8,Houston,20.66,1/30/2024 8:00,2/3/2024 8:00
1706,1612,Printer,16,Chicago,96.54,1/30/2024 9:00,2/3/2024 9:00
1707,1267,Monitor,42,Miami,74.3,1/30/2024 10:00,2/3/2024 10:00
1708,1834,Monitor,36,Seattle,95.72,1/30/2024 11:00,2/3/2024 11:00
1709,1576,Keyboard,30,New York,30.41,1/30/2024 12:00,2/3/2024 12:00
1710,1416,Keyboard,18,Seattle,89.14,1/30/2024 13:00,2/3/2024 13:00
1711,1167,Mouse,2,San Francisco,82.79,1/30/2024 14:00,2/3/2024 14:00
1712,1841,Mouse,49,Seattle,70.94,1/30/2024 15:00,2/3/2024 15:00
1713,1042,Laptop,13,San Francisco,66.25,1/30/2024 16:00,2/3/2024 16:00
1714,1555,Mobile,4,San Francisco,38.49,1/30/2024 17:00,2/3/2024 17:00
1715,1284,Keyboard,26,Miami,83.48,1/30/2024 18:00,2/3/2024 18:00
1716,1396,Monitor,25,San Francisco,55.14,1/30/2024 19:00,2/3/2024 19:00
1717,1011,Tablet,30,Los Angeles,16.38,1/30/2024 20:00,2/3/2024 20:00
1718,1606,Monitor,11,Houston,38.16,1/30/2024 21:00,2/3/2024 21:00
1719,1301,Mobile,7,Houston,94.18,1/30/2024 22:00,2/3/2024 22:00
1720,1897,Mouse,31,Miami,86.56,1/30/2024 23:00,2/3/2024 23:00
1721,1252,Monitor,44,Los Angeles,98.37,1/31/2024 0:00,2/4/2024 0:00
1722,1498,Laptop,10,Seattle,66.52,1/31/2024 1:00,2/4/2024 1:00
1723,1753,Mobile,39,Chicago,32.28,1/31/2024 2:00,2/4/2024 2:00
1724,1034,Mouse,13,Seattle,24.65,1/31/2024 3:00,2/4/2024 3:00
1725,1726,Tablet,31,Chicago,26.82,1/31/2024 4:00,2/4/2024 4:00
1726,1848,Mouse,7,San Francisco,11.78,1/31/2024 5:00,2/4/2024 5:00
1727,1089,Printer,49,New York,45.16,1/31/2024 6:00,2/4/2024 6:00
1728,1775,Laptop,42,Chicago,27.23,1/31/2024 7:00,2/4/2024 7:00
1729,1604,Mobile,42,New York,47.05,1/31/2024 8:00,2/4/2024 8:00
1730,1921,Tablet,36,Houston,94.15,1/31/2024 9:00,2/4/2024 9:00
1731,1969,Laptop,20,New York,48.75,1/31/2024 10:00,2/4/2024 10:00
1732,1601,Mouse,4,Houston,89.02,1/31/2024 11:00,2/4/2024 11:00
1733,1417,Laptop,7,Los Angeles,64.5,1/31/2024 12:00,2/4/2024 12:00
1734,1114,Mobile,1,Los Angeles,32.24,1/31/2024 13:00,2/4/2024 13:00
1735,1616,Keyboard,44,Miami,42.03,1/31/2024 14:00,2/4/2024 14:00
1736,1902,Laptop,45,Miami,17.55,1/31/2024 15:00,2/4/2024 15:00
1737,1195,Printer,42,San Francisco,40.01,1/31/2024 16:00,2/4/2024 16:00
1738,1825,Laptop,47,Chicago,70.98,1/31/2024 17:00,2/4/2024 17:00
1739,1500,Mouse,13,San Francisco,16.49,1/31/2024 18:00,2/4/2024 18:00
1740,1625,Mouse,22,Houston,28.49,1/31/2024 19:00,2/4/2024 19:00
1741,1492,Tablet,21,San Francisco,44.33,1/31/2024 20:00,2/4/2024 20:00
1742,1074,Mouse,22,New York,98.38,1/31/2024 21:00,2/4/2024 21:00
1743,1412,Monitor,28,Houston,80.64,1/31/2024 22:00,2/4/2024 22:00
1744,1375,Mobile,9,Miami,76.01,1/31/2024 23:00,2/4/2024 23:00
1745,1419,Mobile,26,Los Angeles,20.46,2/1/2024 0:00,2/5/2024 0:00
1746,1728,Keyboard,9,Miami,80.29,2/1/2024 1:00,2/5/2024 1:00
1747,1276,Keyboard,15,Chicago,80.67,2/1/2024 2:00,2/5/2024 2:00
1748,1760,Mobile,10,Houston,64.1,2/1/2024 3:00,2/5/2024 3:00
1749,1675,Printer,24,Houston,99.13,2/1/2024 4:00,2/5/2024 4:00
1750,1393,Keyboard,42,New York,39.27,2/1/2024 5:00,2/5/2024 5:00
1751,1868,Tablet,8,Chicago,94.71,2/1/2024 6:00,2/5/2024 6:00
1752,1456,Mouse,24,Los Angeles,92.33,2/1/2024 7:00,2/5/2024 7:00
1753,1919,Mobile,16,Seattle,11.03,2/1/2024 8:00,2/5/2024 8:00
1754,1191,Keyboard,49,Houston,50.51,2/1/2024 9:00,2/5/2024 9:00
1755,1738,Mobile,26,Houston,97.94,2/1/2024 10:00,2/5/2024 10:00
1756,1688,Monitor,27,New York,19.28,2/1/2024 11:00,2/5/2024 11:00
1757,1098,Laptop,37,San Francisco,59.3,2/1/2024 12:00,2/5/2024 12:00
1758,1547,Mouse,4,Los Angeles,98.11,2/1/2024 13:00,2/5/2024 13:00
1759,1977,Mobile,24,Miami,59.99,2/1/2024 14:00,2/5/2024 14:00
1760,1998,Laptop,19,Chicago,27.08,2/1/2024 15:00,2/5/2024 15:00
1761,1095,Keyboard,36,Houston,62.4,2/1/2024 16:00,2/5/2024 16:00
1762,1663,Laptop,39,Houston,28.4,2/1/2024 17:00,2/5/2024 17:00
1763,1662,Mouse,10,Miami,56.77,2/1/2024 18:00,2/5/2024 18:00
1764,1189,Mobile,25,Los Angeles,16.66,2/1/2024 19:00,2/5/2024 19:00
1765,1735,Monitor,18,San Francisco,64.49,2/1/2024 20:00,2/5/2024 20:00
1766,1036,Printer,19,Houston,56.51,2/1/2024 21:00,2/5/2024 21:00
1767,1779,Keyboard,36,Los Angeles,76.61,2/1/2024 22:00,2/5/2024 22:00
1768,1368,Mobile,10,Miami,66.76,2/1/2024 23:00,2/5/2024 23:00
1769,1694,Mouse,33,New York,59.46,2/2/2024 0:00,2/6/2024 0:00
1770,1524,Keyboard,5,San Francisco,72.08,2/2/2024 1:00,2/6/2024 1:00
1771,1278,Tablet,47,Chicago,22.95,2/2/2024 2:00,2/6/2024 2:00
1772,1216,Laptop,49,Houston,63.58,2/2/2024 3:00,2/6/2024 3:00
1773,1866,Printer,35,Los Angeles,25.49,2/2/2024 4:00,2/6/2024 4:00
1774,1872,Mouse,44,New York,93.3,2/2/2024 5:00,2/6/2024 5:00
1775,1797,Tablet,34,Chicago,16.15,2/2/2024 6:00,2/6/2024 6:00
1776,1272,Mobile,33,Seattle,48.73,2/2/2024 7:00,2/6/2024 7:00
1777,1880,Monitor,21,Los Angeles,72.62,2/2/2024 8:00,2/6/2024 8:00
1778,1061,Keyboard,17,Los Angeles,51.22,2/2/2024 9:00,2/6/2024 9:00
1779,1595,Laptop,22,Chicago,18.29,2/2/2024 10:00,2/6/2024 10:00
1780,1879,Keyboard,48,New York,59.8,2/2/2024 11:00,2/6/2024 11:00
1781,1728,Printer,37,Seattle,67.75,2/2/2024 12:00,2/6/2024 12:00
1782,1341,Mobile,15,Miami,73.34,2/2/2024 13:00,2/6/2024 13:00
1783,1396,Keyboard,35,New York,43.59,2/2/2024 14:00,2/6/2024 14:00
1784,1698,Laptop,28,San Francisco,60.73,2/2/2024 15:00,2/6/2024 15:00
1785,1018,Mobile,7,Houston,50.56,2/2/2024 16:00,2/6/2024 16:00
1786,1176,Keyboard,32,Chicago,70.49,2/2/2024 17:00,2/6/2024 17:00
1787,1611,Monitor,11,Miami,62.52,2/2/2024 18:00,2/6/2024 18:00
1788,1395,Mouse,10,Seattle,57.32,2/2/2024 19:00,2/6/2024 19:00
1789,1444,Mobile,9,Chicago,32.46,2/2/2024 20:00,2/6/2024 20:00
1790,1232,Mouse,14,Chicago,10.18,2/2/2024 21:00,2/6/2024 21:00
1791,1914,Mobile,13,New York,25.67,2/2/2024 22:00,2/6/2024 22:00
1792,1075,Monitor,25,Houston,20.54,2/2/2024 23:00,2/6/2024 23:00
1793,1264,Mouse,2,San Francisco,50.42,2/3/2024 0:00,2/7/2024 0:00
1794,1454,Tablet,35,Los Angeles,65.1,2/3/2024 1:00,2/7/2024 1:00
1795,1795,Laptop,7,Los Angeles,29.18,2/3/2024 2:00,2/7/2024 2:00
1796,1717,Tablet,21,Chicago,94.52,2/3/2024 3:00,2/7/2024 3:00
1797,1734,Keyboard,18,Houston,10.6,2/3/2024 4:00,2/7/2024 4:00
1798,1383,Monitor,3,Seattle,79.51,2/3/2024 5:00,2/7/2024 5:00
1799,1563,Tablet,42,Seattle,66.27,2/3/2024 6:00,2/7/2024 6:00
1800,1850,Mobile,39,Miami,43.62,2/3/2024 7:00,2/7/2024 7:00
1801,1505,Keyboard,41,New York,14.54,2/3/2024 8:00,2/7/2024 8:00
1802,1366,Keyboard,49,Houston,66.47,2/3/2024 9:00,2/7/2024 9:00
1803,1143,Tablet,11,Houston,44.71,2/3/2024 10:00,2/7/2024 10:00
1804,1884,Tablet,39,New York,94.26,2/3/2024 11:00,2/7/2024 11:00
1805,1068,Monitor,24,Seattle,58.78,2/3/2024 12:00,2/7/2024 12:00
1806,1098,Laptop,46,Seattle,94.57,2/3/2024 13:00,2/7/2024 13:00
1807,1395,Tablet,19,Seattle,29.84,2/3/2024 14:00,2/7/2024 14:00
1808,1024,Printer,4,Chicago,75.32,2/3/2024 15:00,2/7/2024 15:00
1809,1947,Tablet,26,Houston,65.55,2/3/2024 16:00,2/7/2024 16:00
1810,1890,Mouse,38,Los Angeles,76.55,2/3/2024 17:00,2/7/2024 17:00
1811,1468,Mobile,42,New York,29.32,2/3/2024 18:00,2/7/2024 18:00
1812,1483,Printer,32,Seattle,69.85,2/3/2024 19:00,2/7/2024 19:00
1813,1564,Printer,39,Miami,54.82,2/3/2024 20:00,2/7/2024 20:00
1814,1150,Mouse,45,Seattle,76.85,2/3/2024 21:00,2/7/2024 21:00
1815,1143,Mouse,46,Seattle,39.43,2/3/2024 22:00,2/7/2024 22:00
1816,1568,Keyboard,36,San Francisco,90.11,2/3/2024 23:00,2/7/2024 23:00
1817,1038,Laptop,40,Chicago,17.59,2/4/2024 0:00,2/8/2024 0:00
1818,1108,Mobile,37,New York,82.65,2/4/2024 1:00,2/8/2024 1:00
1819,1692,Monitor,33,San Francisco,87.52,2/4/2024 2:00,2/8/2024 2:00
1820,1041,Printer,36,San Francisco,83.55,2/4/2024 3:00,2/8/2024 3:00
1821,1185,Monitor,3,Miami,56.15,2/4/2024 4:00,2/8/2024 4:00
1822,1934,Tablet,9,Houston,49.45,2/4/2024 5:00,2/8/2024 5:00
1823,1397,Tablet,8,Miami,99.66,2/4/2024 6:00,2/8/2024 6:00
1824,1222,Monitor,33,Houston,30.63,2/4/2024 7:00,2/8/2024 7:00
1825,1633,Tablet,6,Houston,59.22,2/4/2024 8:00,2/8/2024 8:00
1826,1132,Laptop,41,New York,70.36,2/4/2024 9:00,2/8/2024 9:00
1827,1162,Mouse,39,Seattle,73.08,2/4/2024 10:00,2/8/2024 10:00
1828,1214,Tablet,4,New York,28.36,2/4/2024 11:00,2/8/2024 11:00
1829,1732,Keyboard,13,Chicago,68.86,2/4/2024 12:00,2/8/2024 12:00
1830,1234,Tablet,49,Houston,83.65,2/4/2024 13:00,2/8/2024 13:00
1831,1842,Mobile,2,San Francisco,14.5,2/4/2024 14:00,2/8/2024 14:00
1832,1657,Laptop,5,Seattle,92.04,2/4/2024 15:00,2/8/2024 15:00
1833,1750,Mobile,44,Los Angeles,12.66,2/4/2024 16:00,2/8/2024 16:00
1834,1587,Mobile,27,Chicago,42.04,2/4/2024 17:00,2/8/2024 17:00
1835,1008,Keyboard,32,New York,11.42,2/4/2024 18:00,2/8/2024 18:00
1836,1073,Laptop,21,Miami,16.94,2/4/2024 19:00,2/8/2024 19:00
1837,1953,Laptop,8,Chicago,92.01,2/4/2024 20:00,2/8/2024 20:00
1838,1491,Laptop,38,Chicago,41.94,2/4/2024 21:00,2/8/2024 21:00
1839,1912,Laptop,8,Seattle,48.23,2/4/2024 22:00,2/8/2024 22:00
1840,1252,Laptop,3,Chicago,29.38,2/4/2024 23:00,2/8/2024 23:00
1841,1229,Keyboard,44,Chicago,63.74,2/5/2024 0:00,2/9/2024 0:00
1842,1518,Tablet,3,Los Angeles,63.53,2/5/2024 1:00,2/9/2024 1:00
1843,1173,Mobile,22,Miami,43.5,2/5/2024 2:00,2/9/2024 2:00
1844,1652,Laptop,6,Miami,39.97,2/5/2024 3:00,2/9/2024 3:00
1845,1167,Printer,2,Miami,89.65,2/5/2024 4:00,2/9/2024 4:00
1846,1169,Tablet,23,Houston,44.5,2/5/2024 5:00,2/9/2024 5:00
1847,1392,Tablet,44,San Francisco,54.42,2/5/2024 6:00,2/9/2024 6:00
1848,1945,Mobile,2,Miami,35.5,2/5/2024 7:00,2/9/2024 7:00
1849,1794,Keyboard,38,Chicago,80.81,2/5/2024 8:00,2/9/2024 8:00
1850,1633,Monitor,17,Chicago,45.77,2/5/2024 9:00,2/9/2024 9:00
1851,1193,Monitor,35,Miami,56.22,2/5/2024 10:00,2/9/2024 10:00
1852,1516,Tablet,34,Seattle,32.8,2/5/2024 11:00,2/9/2024 11:00
1853,1028,Mouse,23,Miami,98.89,2/5/2024 12:00,2/9/2024 12:00
1854,1164,Mouse,30,Chicago,36.23,2/5/2024 13:00,2/9/2024 13:00
1855,1421,Mobile,8,Houston,79.37,2/5/2024 14:00,2/9/2024 14:00
1856,1338,Monitor,22,New York,48.47,2/5/2024 15:00,2/9/2024 15:00
1857,1647,Tablet,44,New York,28.56,2/5/2024 16:00,2/9/2024 16:00
1858,1495,Keyboard,36,Miami,81.97,2/5/2024 17:00,2/9/2024 17:00
1859,1364,Monitor,5,Los Angeles,40.02,2/5/2024 18:00,2/9/2024 18:00
1860,1832,Tablet,13,Miami,87.87,2/5/2024 19:00,2/9/2024 19:00
1861,1341,Tablet,29,Seattle,92.37,2/5/2024 20:00,2/9/2024 20:00
1862,1499,Laptop,31,Miami,87.38,2/5/2024 21:00,2/9/2024 21:00
1863,1656,Keyboard,47,New York,13.15,2/5/2024 22:00,2/9/2024 22:00
1864,1510,Laptop,16,Chicago,80.86,2/5/2024 23:00,2/9/2024 23:00
1865,1326,Mobile,42,Miami,47.02,2/6/2024 0:00,2/10/2024 0:00
1866,1216,Laptop,30,Chicago,88.64,2/6/2024 1:00,2/10/2024 1:00
1867,1300,Printer,16,Chicago,67.42,2/6/2024 2:00,2/10/2024 2:00
1868,1131,Laptop,12,Los Angeles,85.03,2/6/2024 3:00,2/10/2024 3:00
1869,1803,Printer,17,Chicago,54.95,2/6/2024 4:00,2/10/2024 4:00
1870,1069,Monitor,16,New York,58.15,2/6/2024 5:00,2/10/2024 5:00
1871,1251,Mouse,12,Houston,22.99,2/6/2024 6:00,2/10/2024 6:00
1872,1414,Tablet,8,Houston,80.56,2/6/2024 7:00,2/10/2024 7:00
1873,1786,Printer,20,San Francisco,47.75,2/6/2024 8:00,2/10/2024 8:00
1874,1444,Keyboard,3,Seattle,55.01,2/6/2024 9:00,2/10/2024 9:00
1875,1875,Laptop,16,Miami,80.66,2/6/2024 10:00,2/10/2024 10:00
1876,1181,Printer,30,Seattle,63.9,2/6/2024 11:00,2/10/2024 11:00
1877,1166,Keyboard,45,New York,28.1,2/6/2024 12:00,2/10/2024 12:00
1878,1090,Mouse,23,Chicago,63.12,2/6/2024 13:00,2/10/2024 13:00
1879,1713,Mouse,28,Houston,46.69,2/6/2024 14:00,2/10/2024 14:00
1880,1857,Laptop,40,Seattle,52.26,2/6/2024 15:00,2/10/2024 15:00
1881,1530,Mobile,5,New York,12.55,2/6/2024 16:00,2/10/2024 16:00
1882,1038,Laptop,20,Houston,28.9,2/6/2024 17:00,2/10/2024 17:00
1883,1125,Monitor,40,Chicago,35.29,2/6/2024 18:00,2/10/2024 18:00
1884,1450,Printer,44,Seattle,74.17,2/6/2024 19:00,2/10/2024 19:00
1885,1172,Tablet,1,Houston,11.03,2/6/2024 20:00,2/10/2024 20:00
1886,1652,Mobile,30,Miami,46.79,2/6/2024 21:00,2/10/2024 21:00
1887,1753,Laptop,21,Miami,93.16,2/6/2024 22:00,2/10/2024 22:00
1888,1219,Keyboard,20,San Francisco,20.07,2/6/2024 23:00,2/10/2024 23:00
1889,1637,Mobile,6,San Francisco,56.48,2/7/2024 0:00,2/11/2024 0:00
1890,1057,Printer,22,Houston,80.79,2/7/2024 1:00,2/11/2024 1:00
1891,1659,Mobile,18,New York,94.83,2/7/2024 2:00,2/11/2024 2:00
1892,1475,Printer,8,Miami,77.21,2/7/2024 3:00,2/11/2024 3:00
1893,1455,Laptop,39,New York,74.85,2/7/2024 4:00,2/11/2024 4:00
1894,1828,Printer,32,New York,84.38,2/7/2024 5:00,2/11/2024 5:00
1895,1894,Mobile,33,Houston,50.16,2/7/2024 6:00,2/11/2024 6:00
1896,1360,Keyboard,16,New York,82.53,2/7/2024 7:00,2/11/2024 7:00
1897,1934,Mouse,12,Miami,10.72,2/7/2024 8:00,2/11/2024 8:00
1898,1000,Mobile,38,Chicago,93.21,2/7/2024 9:00,2/11/2024 9:00
1899,1386,Printer,34,San Francisco,49.9,2/7/2024 10:00,2/11/2024 10:00
1900,1972,Mouse,14,Chicago,59.8,2/7/2024 11:00,2/11/2024 11:00
1901,1347,Printer,36,New York,32.94,2/7/2024 12:00,2/11/2024 12:00
1902,1189,Keyboard,33,Chicago,76.83,2/7/2024 13:00,2/11/2024 13:00
1903,1504,Printer,23,Miami,16.9,2/7/2024 14:00,2/11/2024 14:00
1904,1190,Laptop,45,Miami,88.54,2/7/2024 15:00,2/11/2024 15:00
1905,1507,Tablet,2,New York,84.53,2/7/2024 16:00,2/11/2024 16:00
1906,1368,Mobile,41,Houston,29.45,2/7/2024 17:00,2/11/2024 17:00
1907,1408,Tablet,21,Chicago,82.84,2/7/2024 18:00,2/11/2024 18:00
1908,1823,Printer,2,Houston,80.77,2/7/2024 19:00,2/11/2024 19:00
1909,1928,Keyboard,27,Houston,66.9,2/7/2024 20:00,2/11/2024 20:00
1910,1933,Mobile,9,Los Angeles,43.62,2/7/2024 21:00,2/11/2024 21:00
1911,1116,Printer,1,New York,34.43,2/7/2024 22:00,2/11/2024 22:00
1912,1133,Mouse,11,San Francisco,30.86,2/7/2024 23:00,2/11/2024 23:00
1913,1057,Monitor,3,Miami,38.67,2/8/2024 0:00,2/12/2024 0:00
1914,1555,Printer,23,Miami,91.32,2/8/2024 1:00,2/12/2024 1:00
1915,1684,Tablet,26,New York,16.99,2/8/2024 2:00,2/12/2024 2:00
1916,1671,Mobile,4,Seattle,84.6,2/8/2024 3:00,2/12/2024 3:00
1917,1172,Tablet,18,Seattle,41.4,2/8/2024 4:00,2/12/2024 4:00
1918,1828,Mobile,6,Seattle,56.94,2/8/2024 5:00,2/12/2024 5:00
1919,1814,Printer,35,San Francisco,81.5,2/8/2024 6:00,2/12/2024 6:00
1920,1148,Laptop,22,Miami,89.59,2/8/2024 7:00,2/12/2024 7:00
1921,1079,Mouse,43,New York,41.03,2/8/2024 8:00,2/12/2024 8:00
1922,1885,Printer,15,Miami,51.57,2/8/2024 9:00,2/12/2024 9:00
1923,1212,Tablet,22,Houston,47.31,2/8/2024 10:00,2/12/2024 10:00
1924,1202,Monitor,37,Chicago,11.19,2/8/2024 11:00,2/12/2024 11:00
1925,1763,Monitor,42,Chicago,36.63,2/8/2024 12:00,2/12/2024 12:00
1926,1228,Keyboard,12,Miami,51.33,2/8/2024 13:00,2/12/2024 13:00
1927,1675,Mobile,47,Los Angeles,47,2/8/2024 14:00,2/12/2024 14:00
1928,1226,Tablet,49,San Francisco,74.97,2/8/2024 15:00,2/12/2024 15:00
1929,1658,Keyboard,42,Seattle,44.63,2/8/2024 16:00,2/12/2024 16:00
1930,1531,Tablet,38,San Francisco,54.04,2/8/2024 17:00,2/12/2024 17:00
1931,1440,Mobile,18,San Francisco,48.66,2/8/2024 18:00,2/12/2024 18:00
1932,1401,Printer,45,Houston,76.66,2/8/2024 19:00,2/12/2024 19:00
1933,1046,Printer,35,San Francisco,87.67,2/8/2024 20:00,2/12/2024 20:00
1934,1232,Monitor,30,Chicago,57.87,2/8/2024 21:00,2/12/2024 21:00
1935,1304,Printer,24,Houston,81.05,2/8/2024 22:00,2/12/2024 22:00
1936,1525,Printer,42,New York,36.71,2/8/2024 23:00,2/12/2024 23:00
1937,1142,Laptop,30,San Francisco,58.72,2/9/2024 0:00,2/13/2024 0:00
1938,1414,Monitor,14,San Francisco,41.07,2/9/2024 1:00,2/13/2024 1:00
1939,1512,Keyboard,6,New York,47.28,2/9/2024 2:00,2/13/2024 2:00
1940,1372,Mouse,3,San Francisco,75.92,2/9/2024 3:00,2/13/2024 3:00
1941,1565,Laptop,16,New York,89.35,2/9/2024 4:00,2/13/2024 4:00
1942,1885,Keyboard,7,Houston,20.93,2/9/2024 5:00,2/13/2024 5:00
1943,1258,Mobile,14,Chicago,67.12,2/9/2024 6:00,2/13/2024 6:00
1944,1655,Laptop,9,New York,62.39,2/9/2024 7:00,2/13/2024 7:00
1945,1470,Keyboard,15,Los Angeles,20.66,2/9/2024 8:00,2/13/2024 8:00
1946,1952,Mobile,21,New York,29.07,2/9/2024 9:00,2/13/2024 9:00
1947,1970,Monitor,35,San Francisco,37.99,2/9/2024 10:00,2/13/2024 10:00
1948,1011,Mouse,2,Seattle,25.02,2/9/2024 11:00,2/13/2024 11:00
1949,1329,Mobile,27,Seattle,31.94,2/9/2024 12:00,2/13/2024 12:00
1950,1735,Printer,2,Houston,34.08,2/9/2024 13:00,2/13/2024 13:00
1951,1783,Tablet,35,Miami,40.21,2/9/2024 14:00,2/13/2024 14:00
1952,1967,Mobile,18,Houston,77.45,2/9/2024 15:00,2/13/2024 15:00
1953,1357,Mobile,14,Miami,61.47,2/9/2024 16:00,2/13/2024 16:00
1954,1971,Mouse,20,Seattle,98.76,2/9/2024 17:00,2/13/2024 17:00
1955,1407,Tablet,18,Seattle,47.33,2/9/2024 18:00,2/13/2024 18:00
1956,1667,Printer,10,New York,77.85,2/9/2024 19:00,2/13/2024 19:00
1957,1372,Keyboard,25,Chicago,88.43,2/9/2024 20:00,2/13/2024 20:00
1958,1007,Keyboard,2,Los Angeles,71.11,2/9/2024 21:00,2/13/2024 21:00
1959,1121,Mobile,25,Houston,47.07,2/9/2024 22:00,2/13/2024 22:00
1960,1347,Tablet,33,San Francisco,77.82,2/9/2024 23:00,2/13/2024 23:00
1961,1675,Tablet,36,Miami,28.33,2/10/2024 0:00,2/14/2024 0:00
1962,1089,Printer,31,San Francisco,39.48,2/10/2024 1:00,2/14/2024 1:00
1963,1647,Mouse,14,Chicago,59.2,2/10/2024 2:00,2/14/2024 2:00
1964,1697,Monitor,1,Miami,61.79,2/10/2024 3:00,2/14/2024 3:00
1965,1315,Keyboard,46,Houston,11.99,2/10/2024 4:00,2/14/2024 4:00
1966,1177,Mouse,16,New York,95.06,2/10/2024 5:00,2/14/2024 5:00
1967,1539,Laptop,46,San Francisco,72.7,2/10/2024 6:00,2/14/2024 6:00
1968,1731,Keyboard,3,Chicago,54.61,2/10/2024 7:00,2/14/2024 7:00
1969,1868,Mouse,35,Houston,93.98,2/10/2024 8:00,2/14/2024 8:00
1970,1040,Keyboard,41,Seattle,49.52,2/10/2024 9:00,2/14/2024 9:00
1971,1739,Monitor,6,Seattle,98.24,2/10/2024 10:00,2/14/2024 10:00
1972,1703,Laptop,25,Houston,56.11,2/10/2024 11:00,2/14/2024 11:00
1973,1922,Monitor,13,Houston,20.29,2/10/2024 12:00,2/14/2024 12:00
1974,1501,Printer,34,Houston,78.83,2/10/2024 13:00,2/14/2024 13:00
1975,1958,Laptop,8,Miami,71.1,2/10/2024 14:00,2/14/2024 14:00
1976,1144,Mobile,21,Houston,79.57,2/10/2024 15:00,2/14/2024 15:00
1977,1200,Mouse,34,San Francisco,95.63,2/10/2024 16:00,2/14/2024 16:00
1978,1928,Laptop,4,Chicago,79.88,2/10/2024 17:00,2/14/2024 17:00
1979,1723,Printer,25,Miami,65.02,2/10/2024 18:00,2/14/2024 18:00
1980,1460,Printer,15,Houston,87.16,2/10/2024 19:00,2/14/2024 19:00
1981,1731,Monitor,4,Los Angeles,70.59,2/10/2024 20:00,2/14/2024 20:00
1982,1751,Keyboard,45,Los Angeles,46.73,2/10/2024 21:00,2/14/2024 21:00
1983,1924,Laptop,12,Chicago,89.71,2/10/2024 22:00,2/14/2024 22:00
1984,1908,Mouse,32,Seattle,29.97,2/10/2024 23:00,2/14/2024 23:00
1985,1557,Laptop,32,New York,74.32,2/11/2024 0:00,2/15/2024 0:00
1986,1546,Tablet,28,New York,89.34,2/11/2024 1:00,2/15/2024 1:00
1987,1252,Keyboard,13,Seattle,75.82,2/11/2024 2:00,2/15/2024 2:00
1988,1389,Mouse,31,Miami,72.75,2/11/2024 3:00,2/15/2024 3:00
1989,1593,Mouse,14,Miami,77.74,2/11/2024 4:00,2/15/2024 4:00
1990,1882,Mobile,20,Miami,51.85,2/11/2024 5:00,2/15/2024 5:00
1991,1255,Monitor,18,New York,88.68,2/11/2024 6:00,2/15/2024 6:00
1992,1708,Mobile,29,Los Angeles,28.31,2/11/2024 7:00,2/15/2024 7:00
1993,1814,Mouse,6,New York,21.46,2/11/2024 8:00,2/15/2024 8:00
1994,1920,Keyboard,32,San Francisco,35.7,2/11/2024 9:00,2/15/2024 9:00
1995,1449,Laptop,29,Houston,57.84,2/11/2024 10:00,2/15/2024 10:00
1996,1009,Laptop,43,Miami,55.95,2/11/2024 11:00,2/15/2024 11:00
1997,1823,Keyboard,2,Los Angeles,83.85,2/11/2024 12:00,2/15/2024 12:00
1998,1797,Mouse,23,Chicago,46.41,2/11/2024 13:00,2/15/2024 13:00
1999,1241,Printer,19,Chicago,53.59,2/11/2024 14:00,2/15/2024 14:00
2000,1250,Laptop,31,Houston,11.2,2/11/2024 15:00,2/15/2024 15:00
